{"stats":{"minecraft:picked_up":{"minecraft:big_dripleaf":2,"minecraft:melon_slice":6,"minecraft:dirt":1},"minecraft:used":{"minecraft:big_dripleaf":2,"minecraft:dirt":1,"minecraft:melon_slice":6,"alexsmobs:animal_dictionary":2},"minecraft:mined":{"minecraft:melon":2,"minecraft:dirt":1,"minecraft:fern":1,"minecraft:big_dripleaf":1},"minecraft:custom":{"minecraft:time_since_rest":13297,"minecraft:play_time":13297,"minecraft:sprint_one_cm":107200,"minecraft:damage_taken":150,"minecraft:walk_one_cm":86552,"minecraft:walk_under_water_one_cm":6718,"minecraft:jump":377,"minecraft:leave_game":1,"minecraft:time_since_death":13297,"minecraft:walk_on_water_one_cm":2077,"minecraft:total_world_time":13297,"minecraft:swim_one_cm":9119,"minecraft:fly_one_cm":82273,"minecraft:fall_one_cm":8974}},"DataVersion":3465}