{"stats":{"minecraft:broken":{"minecraft:wooden_axe":1},"minecraft:killed":{"minecraft:cave_spider":18,"minecraft:salmon":1,"minecraft:iron_golem":1,"minecraft:spider":2,"minecraft:wither_skeleton":6},"minecraft:picked_up":{"minecraft:iron_chestplate":1,"minecraft:azure_bluet":1,"iceandfire:witherbone":21,"minecraft:clay_ball":4,"minecraft:salmon":1,"minecraft:diamond_sword":2,"minecraft:stone_slab":33,"minecraft:oak_stairs":6,"minecraft:enchanted_book":2,"minecraft:diamond_horse_armor":1,"minecraft:oak_log":11,"minecraft:cornflower":1,"minecraft:string":26,"minecraft:dirt":48,"minecraft:music_disc_cat":1,"spartanweaponry:iron_katana":1,"minecraft:bone":17,"minecraft:experience_bottle":22,"minecraft:iron_ingot":5,"minecraft:poppy":1,"minecraft:iron_pickaxe":1,"minecraft:smooth_quartz":13,"minecraft:melon_slice":6,"minecraft:chest":1,"minecraft:dark_oak_stairs":30,"wom:agony":2,"minecraft:dark_oak_slab":20,"minecraft:cooked_porkchop":23,"minecraft:sweet_berries":2,"minecraft:big_dripleaf":2,"minecraft:torch":6,"minecraft:spyglass":1,"minecraft:spruce_stairs":5,"wom:diamond_armbracelet":1,"minecraft:gravel":14,"minecraft:spruce_fence":5,"epicfight:skillbook":6,"tombstone:grave_dust":4,"minecraft:spruce_log":14,"minecraft:dark_oak_log":16,"minecraft:spider_eye":9,"minecraft:dark_oak_planks":3,"minecraft:diamond_chestplate":1,"minecraft:spruce_sign":1,"minecraft:bread":35,"farmersdelight:barbecue_stick":1,"tombstone:magic_scroll":1,"minecraft:coal":14,"minecraft:cobblestone":9},"minecraft:crafted":{"minecraft:oak_planks":44,"minecraft:dark_oak_stairs":40,"minecraft:crafting_table":1,"minecraft:spruce_planks":56,"minecraft:spruce_stairs":36,"minecraft:stick":4,"minecraft:oak_stairs":24,"minecraft:wooden_axe":1,"minecraft:dark_oak_planks":64,"minecraft:torch":8},"minecraft:used":{"minecraft:dark_oak_stairs":70,"epicfight:skillbook":9,"minecraft:baked_potato":4,"minecraft:chest":1,"minecraft:spruce_sign":1,"farmersdelight:barbecue_stick":1,"minecraft:iron_chestplate":1,"minecraft:torch":14,"minecraft:dirt":48,"minecraft:spyglass":13,"minecraft:crafting_table":1,"minecraft:spruce_stairs":25,"spartanweaponry:iron_katana":69,"minecraft:spruce_fence":1,"minecraft:big_dripleaf":2,"wom:agony":75,"minecraft:dark_oak_planks":3,"minecraft:wooden_axe":59,"minecraft:cornflower":1,"minecraft:bread":51,"minecraft:oak_stairs":30,"minecraft:melon_slice":6,"minecraft:iron_pickaxe":11,"minecraft:leather_helmet":1,"minecraft:stone_slab":3,"minecraft:dark_oak_slab":20,"minecraft:smooth_quartz":7,"spartanweaponry:wooden_boomerang":3,"minecraft:gravel":12,"minecraft:sweet_berries":10,"tombstone:gift":2,"alexsmobs:animal_dictionary":2,"minecraft:potato":19,"minecraft:experience_bottle":22},"minecraft:killed_by":{"minecraft:player":1,"minecraft:wither_skeleton":2},"minecraft:mined":{"minecraft:dark_oak_planks":4,"minecraft:jungle_leaves":1,"minecraft:dark_oak_log":16,"minecraft:clay":1,"minecraft:cornflower":1,"minecraft:torch":2,"minecraft:grass_block":18,"minecraft:spruce_fence":2,"minecraft:melon":2,"minecraft:chest":1,"minecraft:stone_slab":2,"minecraft:spruce_leaves":1,"biomesoplenty:huge_clover_petal":4,"minecraft:wall_torch":2,"minecraft:big_dripleaf":1,"minecraft:spruce_stairs":6,"minecraft:dark_oak_slab":17,"minecraft:sweet_berry_bush":2,"minecraft:spruce_log":14,"minecraft:azure_bluet":1,"minecraft:dark_oak_stairs":31,"biomesoplenty:clover":3,"minecraft:oak_log":11,"minecraft:oak_stairs":7,"minecraft:gravel":13,"minecraft:smooth_quartz":2,"minecraft:dirt":40,"minecraft:stone":5,"minecraft:fern":1},"minecraft:custom":{"minecraft:mob_kills":28,"minecraft:interact_with_anvil":1,"minecraft:interact_with_crafting_table":6,"minecraft:open_barrel":1,"minecraft:damage_dealt_resisted":776,"minecraft:leave_game":4,"minecraft:time_since_death":61896,"minecraft:sleep_in_bed":1,"minecraft:climb_one_cm":11106,"minecraft:time_since_rest":59497,"minecraft:sprint_one_cm":996024,"minecraft:damage_taken":3309,"minecraft:walk_one_cm":1002232,"minecraft:drop":8,"minecraft:damage_dealt":3956,"minecraft:fly_one_cm":536587,"minecraft:swim_one_cm":42117,"minecraft:talked_to_villager":4,"minecraft:open_chest":88,"minecraft:crouch_one_cm":53706,"minecraft:play_time":155719,"tombstone:undead_killed":6,"minecraft:deaths":4,"minecraft:sneak_time":10693,"minecraft:walk_under_water_one_cm":34628,"minecraft:jump":2188,"minecraft:walk_on_water_one_cm":33287,"minecraft:total_world_time":155719,"minecraft:fall_one_cm":32860},"minecraft:dropped":{"minecraft:gravel":1,"minecraft:enchanted_book":1,"wom:agony":2,"alexsmobs:animal_dictionary":1,"minecraft:azure_bluet":1,"minecraft:string":1,"epicfight:skillbook":1}},"DataVersion":3465}