{"stats":{"minecraft:broken":{"minecraft:wooden_axe":1},"minecraft:killed":{"minecraft:cave_spider":18,"minecraft:spider":1,"minecraft:wither_skeleton":4},"minecraft:picked_up":{"minecraft:iron_chestplate":1,"minecraft:azure_bluet":1,"iceandfire:witherbone":17,"minecraft:clay_ball":4,"minecraft:stone_slab":3,"minecraft:diamond_sword":2,"minecraft:oak_stairs":6,"minecraft:oak_log":11,"minecraft:string":23,"minecraft:cornflower":1,"spartanweaponry:iron_katana":1,"minecraft:dirt":48,"minecraft:bone":8,"minecraft:smooth_quartz":7,"minecraft:iron_pickaxe":1,"minecraft:melon_slice":6,"minecraft:dark_oak_stairs":30,"wom:agony":2,"minecraft:dark_oak_slab":20,"minecraft:sweet_berries":2,"minecraft:big_dripleaf":2,"wom:diamond_armbracelet":1,"minecraft:torch":2,"minecraft:spruce_fence":4,"minecraft:spyglass":1,"minecraft:spruce_stairs":5,"minecraft:gravel":14,"epicfight:skillbook":4,"tombstone:grave_dust":4,"minecraft:spruce_log":14,"minecraft:spider_eye":8,"minecraft:dark_oak_log":16,"minecraft:dark_oak_planks":1,"minecraft:bread":35,"tombstone:magic_scroll":1,"minecraft:coal":12,"minecraft:cobblestone":9},"minecraft:crafted":{"minecraft:oak_planks":44,"minecraft:dark_oak_stairs":40,"minecraft:crafting_table":1,"minecraft:spruce_planks":56,"minecraft:spruce_stairs":36,"minecraft:stick":4,"minecraft:wooden_axe":1,"minecraft:oak_stairs":24,"minecraft:dark_oak_planks":64,"minecraft:torch":8},"minecraft:used":{"minecraft:dark_oak_stairs":70,"epicfight:skillbook":5,"minecraft:iron_chestplate":1,"minecraft:torch":10,"minecraft:dirt":48,"minecraft:spyglass":9,"minecraft:crafting_table":1,"minecraft:spruce_stairs":25,"spartanweaponry:iron_katana":69,"minecraft:big_dripleaf":2,"wom:agony":37,"minecraft:dark_oak_planks":2,"minecraft:wooden_axe":59,"minecraft:cornflower":1,"minecraft:melon_slice":6,"minecraft:oak_stairs":30,"minecraft:bread":34,"minecraft:iron_pickaxe":11,"minecraft:leather_helmet":1,"minecraft:stone_slab":3,"minecraft:dark_oak_slab":20,"minecraft:smooth_quartz":7,"minecraft:gravel":12,"minecraft:sweet_berries":2,"tombstone:gift":2,"alexsmobs:animal_dictionary":2},"minecraft:killed_by":{"minecraft:player":1,"minecraft:wither_skeleton":2},"minecraft:mined":{"minecraft:dark_oak_planks":2,"minecraft:jungle_leaves":1,"minecraft:dark_oak_log":16,"minecraft:clay":1,"minecraft:cornflower":1,"minecraft:torch":1,"minecraft:spruce_fence":1,"minecraft:grass_block":18,"minecraft:melon":2,"minecraft:stone_slab":2,"minecraft:spruce_leaves":1,"biomesoplenty:huge_clover_petal":4,"minecraft:wall_torch":1,"minecraft:big_dripleaf":1,"minecraft:spruce_stairs":6,"minecraft:dark_oak_slab":17,"minecraft:sweet_berry_bush":2,"minecraft:spruce_log":14,"minecraft:azure_bluet":1,"minecraft:dark_oak_stairs":31,"biomesoplenty:clover":1,"minecraft:oak_log":11,"minecraft:oak_stairs":7,"minecraft:smooth_quartz":2,"minecraft:gravel":13,"minecraft:dirt":40,"minecraft:stone":5,"minecraft:fern":1},"minecraft:custom":{"minecraft:mob_kills":23,"minecraft:interact_with_crafting_table":5,"minecraft:damage_dealt_resisted":657,"minecraft:leave_game":2,"minecraft:time_since_death":1782,"minecraft:sleep_in_bed":1,"minecraft:climb_one_cm":7540,"minecraft:time_since_rest":1,"minecraft:sprint_one_cm":602979,"minecraft:damage_taken":2336,"minecraft:walk_one_cm":662760,"minecraft:drop":7,"minecraft:damage_dealt":2598,"minecraft:swim_one_cm":35850,"minecraft:fly_one_cm":366747,"minecraft:open_chest":25,"minecraft:crouch_one_cm":53336,"minecraft:play_time":95605,"tombstone:undead_killed":4,"minecraft:deaths":4,"minecraft:sneak_time":10642,"minecraft:walk_under_water_one_cm":11538,"minecraft:jump":1574,"minecraft:walk_on_water_one_cm":12877,"minecraft:total_world_time":95605,"minecraft:fall_one_cm":17248},"minecraft:dropped":{"minecraft:gravel":1,"wom:agony":2,"alexsmobs:animal_dictionary":1,"minecraft:azure_bluet":1,"minecraft:string":1,"epicfight:skillbook":1}},"DataVersion":3465}