{"stats":{"minecraft:picked_up":{"minecraft:iron_chestplate":1,"minecraft:azure_bluet":1,"minecraft:sweet_berries":2,"minecraft:big_dripleaf":2,"minecraft:spruce_stairs":1,"minecraft:spyglass":1,"minecraft:oak_stairs":6,"minecraft:gravel":7,"minecraft:oak_log":11,"minecraft:spruce_log":7,"minecraft:dark_oak_log":7,"minecraft:cornflower":1,"minecraft:dirt":45,"spartanweaponry:iron_katana":1,"minecraft:bread":35,"minecraft:iron_pickaxe":1,"minecraft:melon_slice":6},"minecraft:crafted":{"minecraft:oak_planks":44,"minecraft:spruce_stairs":16,"minecraft:dark_oak_stairs":16,"minecraft:crafting_table":1,"minecraft:spruce_planks":28,"minecraft:stick":4,"minecraft:wooden_axe":1,"minecraft:oak_stairs":24,"minecraft:dark_oak_planks":28},"minecraft:used":{"minecraft:big_dripleaf":2,"minecraft:cornflower":1,"minecraft:melon_slice":6,"minecraft:oak_stairs":29,"minecraft:bread":6,"minecraft:leather_helmet":1,"minecraft:gravel":6,"minecraft:iron_chestplate":1,"minecraft:dirt":44,"minecraft:spyglass":7,"minecraft:crafting_table":1,"minecraft:sweet_berries":2,"minecraft:spruce_stairs":15,"alexsmobs:animal_dictionary":2},"minecraft:mined":{"minecraft:spruce_stairs":1,"minecraft:sweet_berry_bush":2,"minecraft:spruce_log":7,"minecraft:jungle_leaves":1,"minecraft:dark_oak_log":7,"minecraft:azure_bluet":1,"minecraft:cornflower":1,"biomesoplenty:clover":1,"minecraft:grass_block":18,"minecraft:oak_log":11,"minecraft:melon":2,"minecraft:oak_stairs":6,"minecraft:gravel":6,"minecraft:dirt":33,"biomesoplenty:huge_clover_petal":4,"minecraft:fern":1,"minecraft:big_dripleaf":1},"minecraft:custom":{"minecraft:time_since_rest":8786,"minecraft:sprint_one_cm":180853,"minecraft:damage_taken":150,"minecraft:walk_one_cm":318295,"minecraft:drop":3,"minecraft:swim_one_cm":9119,"minecraft:interact_with_crafting_table":4,"minecraft:fly_one_cm":108375,"minecraft:crouch_one_cm":16775,"minecraft:play_time":37703,"minecraft:sneak_time":2662,"minecraft:walk_under_water_one_cm":6718,"minecraft:jump":684,"minecraft:leave_game":1,"minecraft:time_since_death":37703,"minecraft:walk_on_water_one_cm":5091,"minecraft:sleep_in_bed":1,"minecraft:total_world_time":37703,"minecraft:climb_one_cm":1074,"minecraft:fall_one_cm":10882},"minecraft:dropped":{"minecraft:gravel":1,"alexsmobs:animal_dictionary":1,"minecraft:azure_bluet":1}},"DataVersion":3465}