{"stats":{"minecraft:picked_up":{"minecraft:iron_chestplate":1,"minecraft:big_dripleaf":2,"minecraft:gravel":7,"minecraft:bread":35,"minecraft:iron_pickaxe":1,"minecraft:melon_slice":6,"spartanweaponry:iron_katana":1,"minecraft:dirt":1},"minecraft:used":{"minecraft:big_dripleaf":2,"minecraft:iron_chestplate":1,"minecraft:dirt":1,"minecraft:bread":4,"minecraft:melon_slice":6,"alexsmobs:animal_dictionary":2,"minecraft:gravel":6},"minecraft:mined":{"minecraft:melon":2,"minecraft:gravel":6,"minecraft:dirt":1,"minecraft:big_dripleaf":1,"minecraft:fern":1},"minecraft:custom":{"minecraft:time_since_rest":19703,"minecraft:crouch_one_cm":1473,"minecraft:play_time":19703,"minecraft:sprint_one_cm":107200,"minecraft:damage_taken":150,"minecraft:walk_one_cm":184644,"minecraft:sneak_time":419,"minecraft:walk_under_water_one_cm":6718,"minecraft:drop":2,"minecraft:jump":496,"minecraft:leave_game":1,"minecraft:walk_on_water_one_cm":4449,"minecraft:time_since_death":19703,"minecraft:total_world_time":19703,"minecraft:swim_one_cm":9119,"minecraft:fall_one_cm":9512,"minecraft:fly_one_cm":82379},"minecraft:dropped":{"minecraft:gravel":1,"alexsmobs:animal_dictionary":1}},"DataVersion":3465}