{"stats":{"minecraft:broken":{"minecraft:wooden_axe":1},"minecraft:picked_up":{"minecraft:iron_chestplate":1,"minecraft:azure_bluet":1,"minecraft:clay_ball":4,"minecraft:stone_slab":3,"minecraft:oak_stairs":6,"minecraft:oak_log":11,"minecraft:cornflower":1,"spartanweaponry:iron_katana":1,"minecraft:dirt":48,"minecraft:iron_pickaxe":1,"minecraft:melon_slice":6,"minecraft:dark_oak_stairs":30,"minecraft:dark_oak_slab":20,"minecraft:sweet_berries":2,"minecraft:big_dripleaf":2,"minecraft:spyglass":1,"minecraft:spruce_stairs":5,"minecraft:gravel":7,"minecraft:spruce_log":14,"minecraft:dark_oak_log":16,"minecraft:dark_oak_planks":1,"minecraft:bread":35,"minecraft:cobblestone":5},"minecraft:crafted":{"minecraft:oak_planks":44,"minecraft:dark_oak_stairs":40,"minecraft:crafting_table":1,"minecraft:spruce_planks":56,"minecraft:spruce_stairs":36,"minecraft:stick":4,"minecraft:wooden_axe":1,"minecraft:oak_stairs":24,"minecraft:dark_oak_planks":64},"minecraft:used":{"minecraft:dark_oak_stairs":70,"minecraft:iron_chestplate":1,"minecraft:dirt":48,"minecraft:spyglass":7,"minecraft:crafting_table":1,"minecraft:spruce_stairs":25,"minecraft:big_dripleaf":2,"minecraft:dark_oak_planks":2,"minecraft:wooden_axe":59,"minecraft:cornflower":1,"minecraft:melon_slice":6,"minecraft:oak_stairs":30,"minecraft:bread":10,"minecraft:iron_pickaxe":8,"minecraft:leather_helmet":1,"minecraft:stone_slab":3,"minecraft:dark_oak_slab":20,"minecraft:gravel":6,"minecraft:sweet_berries":2,"alexsmobs:animal_dictionary":2},"minecraft:mined":{"minecraft:dark_oak_planks":2,"minecraft:jungle_leaves":1,"minecraft:dark_oak_log":16,"minecraft:clay":1,"minecraft:cornflower":1,"minecraft:grass_block":18,"minecraft:melon":2,"minecraft:stone_slab":2,"minecraft:spruce_leaves":1,"biomesoplenty:huge_clover_petal":4,"minecraft:big_dripleaf":1,"minecraft:spruce_stairs":6,"minecraft:dark_oak_slab":17,"minecraft:sweet_berry_bush":2,"minecraft:spruce_log":14,"minecraft:azure_bluet":1,"minecraft:dark_oak_stairs":31,"biomesoplenty:clover":1,"minecraft:oak_log":11,"minecraft:oak_stairs":7,"minecraft:gravel":6,"minecraft:dirt":40,"minecraft:stone":5,"minecraft:fern":1},"minecraft:custom":{"minecraft:interact_with_crafting_table":5,"minecraft:leave_game":2,"minecraft:time_since_death":59605,"minecraft:sleep_in_bed":1,"minecraft:climb_one_cm":3611,"minecraft:time_since_rest":30688,"minecraft:sprint_one_cm":245973,"minecraft:damage_taken":310,"minecraft:walk_one_cm":415178,"minecraft:drop":3,"minecraft:swim_one_cm":15111,"minecraft:fly_one_cm":140845,"minecraft:crouch_one_cm":50890,"minecraft:play_time":59605,"minecraft:sneak_time":10030,"minecraft:walk_under_water_one_cm":6751,"minecraft:jump":917,"minecraft:walk_on_water_one_cm":7361,"minecraft:total_world_time":59605,"minecraft:fall_one_cm":15868},"minecraft:dropped":{"minecraft:gravel":1,"alexsmobs:animal_dictionary":1,"minecraft:azure_bluet":1}},"DataVersion":3465}