{"stats":{"minecraft:picked_up":{"minecraft:dark_oak_slab":16,"minecraft:iron_chestplate":1,"minecraft:azure_bluet":1,"minecraft:sweet_berries":2,"minecraft:big_dripleaf":2,"minecraft:spruce_stairs":3,"minecraft:spyglass":1,"minecraft:oak_stairs":6,"minecraft:gravel":7,"minecraft:oak_log":11,"minecraft:spruce_log":14,"minecraft:dark_oak_log":16,"minecraft:cornflower":1,"minecraft:dirt":48,"spartanweaponry:iron_katana":1,"minecraft:dark_oak_planks":1,"minecraft:bread":35,"minecraft:iron_pickaxe":1,"minecraft:melon_slice":6,"minecraft:dark_oak_stairs":15},"minecraft:crafted":{"minecraft:oak_planks":44,"minecraft:spruce_stairs":36,"minecraft:dark_oak_stairs":40,"minecraft:crafting_table":1,"minecraft:spruce_planks":56,"minecraft:stick":4,"minecraft:wooden_axe":1,"minecraft:oak_stairs":24,"minecraft:dark_oak_planks":64},"minecraft:used":{"minecraft:big_dripleaf":2,"minecraft:wooden_axe":47,"minecraft:dark_oak_planks":2,"minecraft:dark_oak_stairs":43,"minecraft:cornflower":1,"minecraft:melon_slice":6,"minecraft:oak_stairs":30,"minecraft:bread":10,"minecraft:leather_helmet":1,"minecraft:dark_oak_slab":15,"minecraft:gravel":6,"minecraft:iron_chestplate":1,"minecraft:dirt":48,"minecraft:spyglass":7,"minecraft:crafting_table":1,"minecraft:sweet_berries":2,"minecraft:spruce_stairs":20,"alexsmobs:animal_dictionary":2},"minecraft:mined":{"minecraft:dark_oak_planks":2,"minecraft:spruce_stairs":3,"minecraft:dark_oak_slab":13,"minecraft:sweet_berry_bush":2,"minecraft:spruce_log":14,"minecraft:jungle_leaves":1,"minecraft:dark_oak_log":16,"minecraft:dark_oak_stairs":15,"minecraft:azure_bluet":1,"minecraft:cornflower":1,"biomesoplenty:clover":1,"minecraft:grass_block":18,"minecraft:oak_log":11,"minecraft:melon":2,"minecraft:oak_stairs":7,"minecraft:gravel":6,"minecraft:dirt":40,"minecraft:spruce_leaves":1,"biomesoplenty:huge_clover_petal":4,"minecraft:fern":1,"minecraft:big_dripleaf":1},"minecraft:custom":{"minecraft:time_since_rest":20786,"minecraft:sprint_one_cm":209879,"minecraft:damage_taken":300,"minecraft:walk_one_cm":367179,"minecraft:drop":3,"minecraft:swim_one_cm":9119,"minecraft:interact_with_crafting_table":5,"minecraft:fly_one_cm":124371,"minecraft:crouch_one_cm":39948,"minecraft:play_time":49703,"minecraft:sneak_time":7089,"minecraft:walk_under_water_one_cm":6718,"minecraft:jump":822,"minecraft:leave_game":1,"minecraft:time_since_death":49703,"minecraft:walk_on_water_one_cm":5091,"minecraft:sleep_in_bed":1,"minecraft:total_world_time":49703,"minecraft:climb_one_cm":2589,"minecraft:fall_one_cm":14840},"minecraft:dropped":{"minecraft:gravel":1,"alexsmobs:animal_dictionary":1,"minecraft:azure_bluet":1}},"DataVersion":3465}