{"stats":{"minecraft:used":{"minecraft:cherry_sapling":9,"minecraft:stone_sword":78,"minecraft:chest":2,"spartanweaponry:iron_halberd":18,"minecraft:shield":1,"minecraft:iron_chestplate":1,"minecraft:torch":9,"minecraft:dirt":4,"minecraft:iron_axe":166,"minecraft:birch_sapling":6,"simplyswords:diamond_greathammer":50,"minecraft:furnace":1,"minecraft:gray_bed":2,"minecraft:cooked_beef":7,"minecraft:cherry_log":14,"minecraft:water_bucket":19,"minecraft:pink_tulip":3,"minecraft:stone_pickaxe":134,"minecraft:oak_planks":102,"minecraft:wooden_pickaxe":12,"minecraft:cherry_planks":146,"minecraft:green_bed":19,"minecraft:crafting_table":5,"minecraft:dark_oak_log":3,"minecraft:bread":41,"minecraft:iron_pickaxe":195,"minecraft:stone_axe":71,"minecraft:cobblestone":22,"minecraft:bucket":20,"alexsmobs:animal_dictionary":1,"minecraft:oak_boat":1,"minecraft:tropical_fish_bucket":1},"minecraft:broken":{"minecraft:stone_pickaxe":1},"minecraft:dropped":{"minecraft:bread":45,"minecraft:wheat_seeds":1,"minecraft:cooked_beef":8,"minecraft:diamond":1,"minecraft:orange_tulip":2,"minecraft:lantern":1,"minecraft:leather":4,"minecraft:leather_helmet":1,"minecraft:sponge":2,"minecraft:white_banner":1,"minecraft:dark_oak_planks":33,"minecraft:string":1,"minecraft:pink_tulip":1,"minecraft:armor_stand":1,"minecraft:white_tulip":6,"alexsmobs:animal_dictionary":2,"spartanweaponry:iron_halberd":1,"minecraft:oak_planks":93,"minecraft:pumpkin_seeds":4,"minecraft:filled_map":1,"minecraft:gunpowder":1,"simplyswords:diamond_greathammer":1,"minecraft:wooden_pickaxe":1,"minecraft:cartography_table":2},"minecraft:mined":{"minecraft:cherry_log":61,"minecraft:dark_oak_log":14,"minecraft:grass_block":3,"minecraft:cartography_table":1,"minecraft:hay_block":23,"minecraft:iron_ore":55,"minecraft:bookshelf":12,"iceandfire:gold_pile":50,"minecraft:pink_tulip":4,"biomesoplenty:barley":4,"minecraft:white_tulip":5,"minecraft:stone":161,"minecraft:green_bed":19,"minecraft:podzol":4,"minecraft:cherry_planks":22,"minecraft:crafting_table":2,"minecraft:torch":1,"minecraft:blast_furnace":3,"minecraft:sponge":1,"minecraft:deepslate_coal_ore":9,"minecraft:grindstone":1,"minecraft:sugar_cane":12,"minecraft:oak_planks":5,"minecraft:wall_torch":4,"minecraft:birch_log":67,"minecraft:beehive":1,"minecraft:gray_bed":2,"minecraft:spruce_log":9,"minecraft:birch_leaves":3,"minecraft:orange_tulip":3,"minecraft:white_wall_banner":1,"minecraft:stone_brick_stairs":1,"minecraft:grass":6,"minecraft:oak_log":33,"minecraft:coal_ore":52,"minecraft:cherry_leaves":26,"minecraft:gravel":26,"minecraft:dirt":3,"minecraft:chipped_anvil":1,"minecraft:oak_leaves":2},"minecraft:crafted":{"minecraft:cherry_planks":188,"minecraft:oak_planks":132,"minecraft:coal":9,"minecraft:furnace":1,"minecraft:stone_pickaxe":1,"minecraft:chest":2,"minecraft:dark_oak_planks":44,"minecraft:wheat":207,"minecraft:cooked_beef":15,"minecraft:crafting_table":3,"minecraft:spruce_planks":36,"minecraft:wooden_pickaxe":1,"minecraft:stone_axe":1,"minecraft:bread":69,"minecraft:air":0,"minecraft:oak_boat":1,"minecraft:iron_chestplate":1,"minecraft:shield":1,"minecraft:stick":80,"minecraft:iron_ingot":64,"minecraft:stone_sword":1,"minecraft:gold_ingot":56},"minecraft:custom":{"minecraft:mob_kills":33,"minecraft:interact_with_crafting_table":12,"minecraft:open_barrel":10,"minecraft:leave_game":2,"minecraft:time_since_death":112059,"minecraft:climb_one_cm":14145,"minecraft:sprint_one_cm":727656,"minecraft:walk_one_cm":517995,"minecraft:damage_blocked_by_shield":130,"minecraft:drop":33,"minecraft:talked_to_villager":11,"minecraft:raid_win":1,"minecraft:play_time":112059,"minecraft:sneak_time":7559,"minecraft:walk_under_water_one_cm":10521,"minecraft:boat_one_cm":110412,"minecraft:jump":3100,"minecraft:walk_on_water_one_cm":17558,"minecraft:total_world_time":112059,"minecraft:interact_with_furnace":7,"tombstone:raider_killed":11,"minecraft:raid_trigger":1,"minecraft:sleep_in_bed":5,"minecraft:time_since_rest":13614,"minecraft:damage_taken":1204,"minecraft:trigger_trapped_chest":2,"minecraft:damage_dealt":8415,"minecraft:swim_one_cm":65217,"minecraft:fly_one_cm":1097007,"minecraft:open_chest":90,"minecraft:crouch_one_cm":48806,"tombstone:undead_killed":7,"minecraft:interact_with_smoker":3,"minecraft:fall_one_cm":76586},"minecraft:killed":{"minecraft:vindicator":1,"minecraft:skeleton":2,"minecraft:iron_golem":2,"minecraft:ravager":1,"minecraft:creeper":1,"minecraft:pillager":9,"minecraft:zombie":5,"minecraft:cow":11},"minecraft:picked_up":{"minecraft:crafting_table":2,"minecraft:string":1,"miners_delight:cave_carrot":1,"minecraft:armor_stand":5,"minecraft:cartography_table":3,"minecraft:gold_nugget":498,"minecraft:beef":14,"minecraft:white_tulip":6,"minecraft:oak_boat":1,"minecraft:sugar_cane":31,"minecraft:coal_block":1,"minecraft:birch_sapling":6,"minecraft:raw_iron":53,"minecraft:beehive":1,"minecraft:stick":7,"minecraft:oak_fence":1,"minecraft:torch":7,"minecraft:green_bed":19,"minecraft:cherry_log":61,"spartanweaponry:iron_halberd":1,"minecraft:hay_block":23,"minecraft:pink_tulip":4,"minecraft:birch_log":67,"minecraft:cobblestone":117,"minecraft:sponge":2,"minecraft:cherry_planks":22,"minecraft:leather":4,"minecraft:filled_map":1,"minecraft:flint":6,"minecraft:oak_log":33,"minecraft:gunpowder":1,"minecraft:dirt":10,"minecraft:lantern":1,"minecraft:white_banner":1,"minecraft:chipped_anvil":1,"minecraft:orange_tulip":2,"minecraft:wheat_seeds":1,"minecraft:iron_ingot":10,"minecraft:grindstone":1,"minecraft:gray_bed":2,"minecraft:oak_planks":97,"minecraft:book":37,"minecraft:gravel":20,"minecraft:blast_furnace":3,"minecraft:spruce_log":9,"minecraft:dark_oak_log":14,"alexsmobs:animal_dictionary":1,"minecraft:leather_helmet":1,"simplyswords:diamond_greathammer":1,"minecraft:diamond":1,"minecraft:iron_helmet":1,"minecraft:cherry_sapling":9,"minecraft:emerald":1,"minecraft:bread":5,"tombstone:magic_scroll":1,"minecraft:coal":61}},"DataVersion":3465}