{"stats":{"minecraft:crafted":{"minecraft:stone_sword":1,"minecraft:dark_oak_planks":32,"minecraft:stone_axe":1,"minecraft:crafting_table":1,"minecraft:stick":8,"minecraft:stone_pickaxe":1,"minecraft:wooden_pickaxe":1},"minecraft:used":{"minecraft:dirt":4,"minecraft:crafting_table":1,"alexsmobs:animal_dictionary":1,"minecraft:wooden_pickaxe":12},"minecraft:dropped":{"minecraft:wooden_pickaxe":1,"alexsmobs:animal_dictionary":2},"minecraft:picked_up":{"minecraft:dirt":4,"minecraft:dark_oak_log":8,"alexsmobs:animal_dictionary":1,"minecraft:cobblestone":8},"minecraft:custom":{"minecraft:time_since_rest":5151,"minecraft:crouch_one_cm":3938,"minecraft:play_time":5151,"minecraft:sprint_one_cm":6599,"minecraft:walk_one_cm":18087,"minecraft:sneak_time":934,"minecraft:walk_under_water_one_cm":142,"minecraft:drop":3,"minecraft:jump":54,"minecraft:damage_dealt":0,"minecraft:leave_game":1,"minecraft:time_since_death":5151,"minecraft:walk_on_water_one_cm":245,"minecraft:total_world_time":5151,"minecraft:swim_one_cm":35626,"minecraft:interact_with_crafting_table":2,"minecraft:fall_one_cm":1881,"minecraft:fly_one_cm":17983},"minecraft:mined":{"minecraft:podzol":1,"minecraft:dirt":3,"minecraft:stone":8,"minecraft:dark_oak_log":8}},"DataVersion":3465}