{"stats":{"minecraft:crafted":{"minecraft:cooked_beef":15,"minecraft:oak_planks":132,"minecraft:coal":9,"minecraft:crafting_table":3,"minecraft:spruce_planks":36,"minecraft:wooden_pickaxe":1,"minecraft:furnace":1,"minecraft:stone_axe":1,"minecraft:bread":69,"minecraft:oak_boat":1,"minecraft:iron_chestplate":1,"minecraft:shield":1,"minecraft:stick":80,"minecraft:chest":2,"minecraft:stone_pickaxe":1,"minecraft:stone_sword":1,"minecraft:gold_ingot":56,"minecraft:dark_oak_planks":44,"minecraft:wheat":207},"minecraft:broken":{"minecraft:stone_pickaxe":1},"minecraft:used":{"minecraft:water_bucket":19,"minecraft:stone_sword":78,"minecraft:stone_pickaxe":134,"minecraft:oak_planks":7,"minecraft:chest":2,"minecraft:shield":1,"spartanweaponry:iron_halberd":18,"minecraft:wooden_pickaxe":12,"minecraft:iron_chestplate":1,"minecraft:torch":9,"minecraft:dirt":4,"minecraft:crafting_table":5,"minecraft:iron_axe":1,"minecraft:bread":36,"minecraft:iron_pickaxe":195,"simplyswords:diamond_greathammer":50,"minecraft:stone_axe":71,"minecraft:cobblestone":22,"minecraft:furnace":1,"minecraft:gray_bed":2,"minecraft:bucket":20,"alexsmobs:animal_dictionary":1,"minecraft:oak_boat":1,"minecraft:cooked_beef":7,"minecraft:tropical_fish_bucket":1},"minecraft:dropped":{"minecraft:bread":22,"minecraft:wheat_seeds":1,"minecraft:cooked_beef":8,"alexsmobs:animal_dictionary":2,"minecraft:diamond":1,"spartanweaponry:iron_halberd":1,"minecraft:oak_planks":93,"minecraft:lantern":1,"minecraft:leather":4,"minecraft:pumpkin_seeds":4,"minecraft:leather_helmet":1,"minecraft:filled_map":1,"minecraft:gunpowder":1,"minecraft:sponge":2,"simplyswords:diamond_greathammer":1,"minecraft:white_banner":1,"minecraft:wooden_pickaxe":1,"minecraft:string":1,"minecraft:dark_oak_planks":33,"minecraft:cartography_table":2,"minecraft:armor_stand":1},"minecraft:picked_up":{"minecraft:sponge":2,"minecraft:crafting_table":2,"minecraft:leather":4,"minecraft:filled_map":1,"minecraft:oak_log":33,"minecraft:gunpowder":1,"minecraft:string":1,"minecraft:dirt":4,"minecraft:lantern":1,"minecraft:white_banner":1,"miners_delight:cave_carrot":1,"minecraft:armor_stand":5,"minecraft:chipped_anvil":1,"minecraft:cartography_table":3,"minecraft:wheat_seeds":1,"minecraft:gold_nugget":498,"minecraft:beef":14,"minecraft:grindstone":1,"minecraft:iron_ingot":10,"minecraft:oak_boat":1,"minecraft:coal_block":1,"minecraft:gray_bed":2,"minecraft:oak_planks":95,"minecraft:book":37,"minecraft:beehive":1,"minecraft:raw_iron":53,"minecraft:oak_fence":1,"minecraft:torch":7,"minecraft:blast_furnace":3,"minecraft:spruce_log":9,"minecraft:dark_oak_log":11,"alexsmobs:animal_dictionary":1,"minecraft:leather_helmet":1,"simplyswords:diamond_greathammer":1,"spartanweaponry:iron_halberd":1,"minecraft:diamond":1,"minecraft:hay_block":23,"minecraft:iron_helmet":1,"minecraft:emerald":1,"minecraft:bread":5,"tombstone:magic_scroll":1,"minecraft:coal":61,"minecraft:cobblestone":117},"minecraft:custom":{"minecraft:interact_with_furnace":4,"minecraft:mob_kills":33,"tombstone:raider_killed":11,"minecraft:interact_with_crafting_table":12,"minecraft:open_barrel":9,"minecraft:raid_trigger":1,"minecraft:leave_game":2,"minecraft:time_since_death":90893,"minecraft:sleep_in_bed":4,"minecraft:climb_one_cm":11546,"minecraft:time_since_rest":2998,"minecraft:sprint_one_cm":610032,"minecraft:damage_taken":1174,"minecraft:walk_one_cm":387275,"minecraft:damage_blocked_by_shield":130,"minecraft:trigger_trapped_chest":2,"minecraft:drop":29,"minecraft:damage_dealt":8415,"minecraft:raid_win":1,"minecraft:swim_one_cm":58042,"minecraft:talked_to_villager":10,"minecraft:fly_one_cm":959145,"minecraft:open_chest":70,"tombstone:undead_killed":7,"minecraft:crouch_one_cm":36175,"minecraft:play_time":90893,"minecraft:sneak_time":5681,"minecraft:walk_under_water_one_cm":9401,"minecraft:boat_one_cm":110412,"minecraft:jump":2719,"minecraft:walk_on_water_one_cm":10441,"minecraft:interact_with_smoker":3,"minecraft:total_world_time":90893,"minecraft:fall_one_cm":68036},"minecraft:mined":{"minecraft:podzol":1,"minecraft:dark_oak_log":11,"minecraft:torch":1,"minecraft:crafting_table":2,"minecraft:blast_furnace":3,"minecraft:sponge":1,"minecraft:deepslate_coal_ore":9,"minecraft:cartography_table":1,"minecraft:grindstone":1,"minecraft:oak_planks":3,"minecraft:wall_torch":4,"minecraft:hay_block":23,"minecraft:beehive":1,"minecraft:iron_ore":55,"minecraft:gray_bed":2,"minecraft:spruce_log":9,"minecraft:stone_brick_stairs":1,"minecraft:white_wall_banner":1,"minecraft:grass":4,"minecraft:bookshelf":12,"minecraft:oak_log":33,"minecraft:coal_ore":52,"iceandfire:gold_pile":50,"minecraft:dirt":3,"biomesoplenty:barley":4,"minecraft:stone":161,"minecraft:chipped_anvil":1,"minecraft:oak_leaves":2},"minecraft:killed":{"minecraft:vindicator":1,"minecraft:iron_golem":2,"minecraft:ravager":1,"minecraft:creeper":1,"minecraft:skeleton":2,"minecraft:pillager":9,"minecraft:zombie":5,"minecraft:cow":11}},"DataVersion":3465}