{"stats":{"minecraft:crafted":{"minecraft:oak_planks":36,"minecraft:crafting_table":1,"minecraft:spruce_planks":36,"minecraft:wooden_pickaxe":1,"minecraft:stone_axe":1,"minecraft:oak_boat":1,"minecraft:iron_chestplate":1,"minecraft:shield":1,"minecraft:stick":80,"minecraft:stone_pickaxe":1,"minecraft:stone_sword":1,"minecraft:dark_oak_planks":44},"minecraft:used":{"minecraft:stone_sword":30,"minecraft:stone_pickaxe":13,"minecraft:oak_planks":6,"spartanweaponry:iron_halberd":13,"minecraft:wooden_pickaxe":12,"minecraft:iron_chestplate":1,"minecraft:dirt":4,"minecraft:crafting_table":3,"minecraft:bread":4,"minecraft:stone_axe":43,"minecraft:bucket":1,"alexsmobs:animal_dictionary":1,"minecraft:oak_boat":1,"minecraft:tropical_fish_bucket":1},"minecraft:dropped":{"minecraft:bread":22,"minecraft:wheat_seeds":1,"alexsmobs:animal_dictionary":2,"spartanweaponry:iron_halberd":1,"minecraft:lantern":1,"minecraft:wooden_pickaxe":1,"minecraft:dark_oak_planks":33,"minecraft:armor_stand":1},"minecraft:picked_up":{"minecraft:crafting_table":2,"minecraft:leather":3,"minecraft:oak_log":9,"minecraft:dirt":4,"minecraft:lantern":1,"minecraft:white_banner":1,"minecraft:armor_stand":1,"minecraft:wheat_seeds":1,"minecraft:beef":9,"minecraft:grindstone":1,"minecraft:iron_ingot":10,"minecraft:coal_block":1,"minecraft:gray_bed":1,"minecraft:oak_planks":3,"minecraft:book":36,"minecraft:blast_furnace":1,"minecraft:spruce_log":9,"minecraft:dark_oak_log":11,"alexsmobs:animal_dictionary":1,"minecraft:leather_helmet":1,"spartanweaponry:iron_halberd":1,"minecraft:coal":10,"minecraft:cobblestone":8},"minecraft:custom":{"minecraft:mob_kills":6,"minecraft:interact_with_crafting_table":5,"minecraft:leave_game":1,"minecraft:time_since_death":17151,"minecraft:sleep_in_bed":1,"minecraft:time_since_rest":4547,"minecraft:sprint_one_cm":85984,"minecraft:damage_taken":30,"minecraft:walk_one_cm":72283,"minecraft:drop":9,"minecraft:damage_dealt":2400,"minecraft:swim_one_cm":37175,"minecraft:fly_one_cm":112587,"minecraft:open_chest":19,"minecraft:crouch_one_cm":10239,"minecraft:play_time":17151,"minecraft:sneak_time":1848,"minecraft:walk_under_water_one_cm":1486,"minecraft:boat_one_cm":20031,"minecraft:jump":323,"minecraft:walk_on_water_one_cm":1189,"minecraft:total_world_time":17151,"minecraft:fall_one_cm":10108},"minecraft:mined":{"minecraft:podzol":1,"minecraft:dark_oak_log":11,"minecraft:crafting_table":2,"minecraft:blast_furnace":1,"minecraft:deepslate_coal_ore":9,"minecraft:grindstone":1,"minecraft:oak_planks":3,"minecraft:gray_bed":1,"minecraft:spruce_log":9,"minecraft:white_wall_banner":1,"minecraft:grass":1,"minecraft:bookshelf":12,"minecraft:oak_log":9,"minecraft:coal_ore":1,"minecraft:dirt":3,"minecraft:stone":8},"minecraft:killed":{"minecraft:iron_golem":2,"minecraft:cow":4}},"DataVersion":3465}