{"stats":{"minecraft:used":{"minecraft:cherry_sapling":9,"minecraft:enchanting_table":2,"minecraft:stone_sword":129,"spartanweaponry:iron_halberd":18,"minecraft:chest":4,"minecraft:shield":1,"minecraft:iron_chestplate":1,"minecraft:torch":13,"minecraft:dirt":4,"minecraft:bookshelf":15,"minecraft:iron_axe":445,"minecraft:birch_sapling":6,"minecraft:cherry_trapdoor":2,"simplyswords:diamond_greathammer":97,"minecraft:furnace":1,"minecraft:gray_bed":2,"minecraft:cooked_beef":7,"minecraft:dark_oak_sapling":2,"minecraft:cobbled_deepslate":25,"minecraft:cherry_log":14,"minecraft:water_bucket":19,"minecraft:pink_tulip":3,"minecraft:stone_pickaxe":134,"minecraft:oak_planks":102,"minecraft:wooden_pickaxe":12,"minecraft:cherry_planks":159,"minecraft:fletching_table":10,"minecraft:green_bed":19,"minecraft:sugar_cane":34,"minecraft:crafting_table":6,"minecraft:spruce_log":1,"minecraft:diamond_pickaxe":92,"minecraft:dark_oak_log":30,"minecraft:bread":74,"minecraft:iron_pickaxe":339,"minecraft:stone_axe":71,"minecraft:cobblestone":22,"minecraft:bucket":20,"minecraft:oak_boat":1,"alexsmobs:animal_dictionary":1,"minecraft:tropical_fish_bucket":1},"minecraft:broken":{"minecraft:stone_pickaxe":1,"minecraft:iron_axe":1,"minecraft:iron_pickaxe":1},"minecraft:dropped":{"minecraft:bread":45,"minecraft:wheat_seeds":1,"minecraft:cooked_beef":8,"minecraft:diamond":1,"minecraft:orange_tulip":2,"minecraft:lantern":1,"minecraft:leather":4,"minecraft:apple":2,"minecraft:leather_helmet":1,"minecraft:sponge":2,"minecraft:white_banner":1,"minecraft:string":3,"minecraft:dark_oak_planks":33,"minecraft:armor_stand":1,"minecraft:pink_tulip":1,"minecraft:white_tulip":6,"alexsmobs:animal_dictionary":2,"spartanweaponry:iron_halberd":1,"minecraft:oak_planks":93,"minecraft:azure_bluet":1,"minecraft:pumpkin_seeds":4,"minecraft:filled_map":1,"minecraft:gunpowder":1,"simplyswords:diamond_greathammer":1,"minecraft:wooden_pickaxe":1,"minecraft:cartography_table":2},"minecraft:mined":{"minecraft:dark_oak_leaves":9,"minecraft:deepslate_diamond_ore":17,"minecraft:cherry_log":61,"minecraft:jungle_leaves":1,"minecraft:dark_oak_log":255,"minecraft:grass_block":3,"minecraft:cartography_table":1,"minecraft:hay_block":39,"minecraft:iron_ore":96,"minecraft:cobbled_deepslate":4,"minecraft:andesite":1,"minecraft:deepslate_lapis_ore":15,"minecraft:fletching_table":7,"minecraft:stripped_dark_oak_wood":4,"minecraft:azure_bluet":1,"minecraft:enchanting_table":1,"minecraft:bookshelf":24,"minecraft:deepslate_iron_ore":66,"iceandfire:gold_pile":50,"minecraft:pink_tulip":4,"biomesoplenty:barley":4,"minecraft:stone":163,"minecraft:white_tulip":5,"minecraft:green_bed":19,"minecraft:podzol":4,"minecraft:oak_slab":2,"minecraft:cherry_planks":22,"minecraft:crafting_table":2,"minecraft:torch":3,"minecraft:blast_furnace":3,"minecraft:sponge":1,"minecraft:lectern":1,"minecraft:deepslate_coal_ore":9,"minecraft:sugar_cane":13,"minecraft:deepslate_gold_ore":40,"minecraft:lapis_ore":4,"minecraft:grindstone":1,"minecraft:oak_planks":5,"minecraft:wall_torch":5,"minecraft:beehive":1,"minecraft:birch_log":67,"minecraft:gray_bed":2,"minecraft:spruce_log":10,"minecraft:birch_leaves":3,"minecraft:orange_tulip":3,"minecraft:white_wall_banner":1,"minecraft:bee_nest":1,"minecraft:stone_brick_stairs":1,"minecraft:grass":7,"minecraft:oak_log":33,"minecraft:coal_ore":52,"minecraft:cherry_leaves":26,"minecraft:gravel":26,"minecraft:dirt":3,"minecraft:chipped_anvil":1,"minecraft:oak_leaves":2,"minecraft:deepslate":45},"minecraft:crafted":{"minecraft:cherry_planks":188,"minecraft:oak_planks":132,"minecraft:coal":9,"minecraft:furnace":1,"minecraft:bookshelf":15,"minecraft:cherry_trapdoor":2,"minecraft:iron_axe":2,"minecraft:stone_pickaxe":1,"minecraft:chest":4,"minecraft:dark_oak_planks":912,"minecraft:wheat":351,"minecraft:cooked_beef":15,"minecraft:emerald":84,"minecraft:crafting_table":4,"minecraft:enchanting_table":1,"minecraft:spruce_planks":36,"minecraft:wooden_pickaxe":1,"minecraft:fletching_table":3,"minecraft:birch_planks":268,"minecraft:stone_axe":1,"minecraft:bread":117,"minecraft:air":0,"minecraft:oak_boat":1,"minecraft:iron_chestplate":1,"minecraft:shield":1,"minecraft:stick":2196,"minecraft:iron_ingot":64,"minecraft:stone_sword":1,"minecraft:gold_ingot":56},"minecraft:custom":{"minecraft:mob_kills":59,"minecraft:interact_with_crafting_table":20,"minecraft:open_barrel":17,"minecraft:leave_game":4,"minecraft:time_since_death":32549,"minecraft:climb_one_cm":15261,"minecraft:sprint_one_cm":1087055,"minecraft:walk_one_cm":774940,"minecraft:damage_blocked_by_shield":130,"minecraft:drop":38,"minecraft:talked_to_villager":29,"minecraft:raid_win":1,"minecraft:play_time":180196,"minecraft:deaths":1,"minecraft:sneak_time":12801,"minecraft:walk_under_water_one_cm":24464,"minecraft:boat_one_cm":110412,"minecraft:jump":5266,"minecraft:walk_on_water_one_cm":42271,"minecraft:total_world_time":180196,"minecraft:interact_with_furnace":8,"tombstone:raider_killed":11,"minecraft:traded_with_villager":84,"minecraft:raid_trigger":1,"minecraft:sleep_in_bed":9,"minecraft:time_since_rest":10077,"minecraft:damage_taken":2292,"minecraft:trigger_trapped_chest":2,"minecraft:damage_dealt":13831,"minecraft:swim_one_cm":97578,"minecraft:fly_one_cm":1794602,"minecraft:open_chest":111,"minecraft:crouch_one_cm":82302,"tombstone:undead_killed":28,"minecraft:interact_with_smoker":3,"minecraft:fall_one_cm":123528},"minecraft:killed":{"minecraft:spider":2,"minecraft:vindicator":1,"minecraft:skeleton":13,"alexsmobs:rocky_roller":1,"artifacts:mimic":1,"minecraft:zombie_villager":1,"minecraft:iron_golem":2,"minecraft:ravager":1,"minecraft:creeper":2,"minecraft:pillager":9,"minecraft:zombie":14,"minecraft:cow":11},"minecraft:killed_by":{"alexsmobs:centipede_head":1},"minecraft:picked_up":{"minecraft:crafting_table":2,"minecraft:azure_bluet":1,"minecraft:string":3,"miners_delight:cave_carrot":1,"minecraft:armor_stand":5,"minecraft:cartography_table":3,"minecraft:gold_nugget":498,"minecraft:cobbled_deepslate":53,"minecraft:beef":14,"minecraft:white_tulip":6,"minecraft:oak_boat":1,"minecraft:lectern":1,"minecraft:coal_block":1,"minecraft:sugar_cane":34,"minecraft:birch_sapling":6,"minecraft:dark_oak_sapling":16,"minecraft:stick":17,"minecraft:beehive":1,"minecraft:raw_iron":53,"minecraft:oak_fence":1,"minecraft:torch":10,"minecraft:green_bed":19,"artifacts:vampiric_glove":1,"minecraft:cherry_log":61,"tombstone:grave_dust":1,"spartanweaponry:iron_halberd":1,"minecraft:arrow":8,"minecraft:rotten_flesh":10,"minecraft:hay_block":39,"minecraft:stripped_dark_oak_wood":4,"minecraft:pink_tulip":4,"minecraft:gold_ingot":40,"minecraft:cod":1,"minecraft:birch_log":67,"minecraft:cobblestone":119,"minecraft:sponge":2,"minecraft:enchanting_table":1,"minecraft:cherry_planks":22,"minecraft:andesite":1,"minecraft:leather":4,"minecraft:filled_map":1,"minecraft:flint":6,"minecraft:tuff":3,"minecraft:oak_log":33,"minecraft:gunpowder":1,"alexsmobs:rocky_shell":1,"minecraft:lapis_lazuli":117,"minecraft:dirt":10,"minecraft:lantern":1,"minecraft:white_banner":1,"minecraft:bone":10,"minecraft:chipped_anvil":1,"minecraft:apple":2,"minecraft:wheat_seeds":2,"minecraft:orange_tulip":2,"minecraft:grindstone":1,"minecraft:iron_ingot":116,"minecraft:fletching_table":7,"minecraft:gray_bed":2,"minecraft:oak_planks":97,"minecraft:book":74,"minecraft:oak_slab":2,"minecraft:gravel":20,"minecraft:blast_furnace":3,"minecraft:spruce_log":10,"minecraft:dark_oak_log":254,"alexsmobs:animal_dictionary":1,"minecraft:leather_helmet":1,"minecraft:bundle":1,"simplyswords:diamond_greathammer":1,"minecraft:diamond":18,"minecraft:iron_helmet":1,"minecraft:cherry_sapling":9,"minecraft:bread":5,"minecraft:emerald":1,"tombstone:magic_scroll":1,"minecraft:coal":61}},"DataVersion":3465}