{"stats":{"minecraft:used":{"minecraft:cherry_sapling":9,"minecraft:stone_sword":90,"minecraft:chest":4,"spartanweaponry:iron_halberd":18,"minecraft:shield":1,"minecraft:iron_chestplate":1,"minecraft:torch":11,"minecraft:dirt":4,"minecraft:iron_axe":341,"minecraft:birch_sapling":6,"minecraft:cherry_trapdoor":2,"simplyswords:diamond_greathammer":70,"minecraft:furnace":1,"minecraft:gray_bed":2,"minecraft:cooked_beef":7,"minecraft:cobbled_deepslate":4,"minecraft:cherry_log":14,"minecraft:water_bucket":19,"minecraft:pink_tulip":3,"minecraft:stone_pickaxe":134,"minecraft:oak_planks":102,"minecraft:wooden_pickaxe":12,"minecraft:cherry_planks":159,"minecraft:sugar_cane":34,"minecraft:fletching_table":10,"minecraft:green_bed":19,"minecraft:crafting_table":6,"minecraft:diamond_pickaxe":55,"minecraft:dark_oak_log":23,"minecraft:bread":55,"minecraft:iron_pickaxe":250,"minecraft:stone_axe":71,"minecraft:cobblestone":22,"minecraft:bucket":20,"alexsmobs:animal_dictionary":1,"minecraft:oak_boat":1,"minecraft:tropical_fish_bucket":1},"minecraft:broken":{"minecraft:stone_pickaxe":1,"minecraft:iron_axe":1,"minecraft:iron_pickaxe":1},"minecraft:dropped":{"minecraft:bread":45,"minecraft:wheat_seeds":1,"minecraft:cooked_beef":8,"minecraft:diamond":1,"minecraft:orange_tulip":2,"minecraft:lantern":1,"minecraft:apple":2,"minecraft:leather":4,"minecraft:leather_helmet":1,"minecraft:sponge":2,"minecraft:white_banner":1,"minecraft:dark_oak_planks":33,"minecraft:string":1,"minecraft:pink_tulip":1,"minecraft:armor_stand":1,"minecraft:white_tulip":6,"alexsmobs:animal_dictionary":2,"spartanweaponry:iron_halberd":1,"minecraft:oak_planks":93,"minecraft:azure_bluet":1,"minecraft:pumpkin_seeds":4,"minecraft:filled_map":1,"minecraft:gunpowder":1,"simplyswords:diamond_greathammer":1,"minecraft:wooden_pickaxe":1,"minecraft:cartography_table":2},"minecraft:mined":{"minecraft:dark_oak_leaves":8,"minecraft:cherry_log":61,"minecraft:jungle_leaves":1,"minecraft:dark_oak_log":153,"minecraft:grass_block":3,"minecraft:cartography_table":1,"minecraft:hay_block":23,"minecraft:iron_ore":91,"minecraft:andesite":1,"minecraft:deepslate_lapis_ore":4,"minecraft:fletching_table":7,"minecraft:stripped_dark_oak_wood":4,"minecraft:azure_bluet":1,"minecraft:bookshelf":24,"minecraft:deepslate_iron_ore":30,"iceandfire:gold_pile":50,"minecraft:pink_tulip":4,"biomesoplenty:barley":4,"minecraft:white_tulip":5,"minecraft:stone":163,"minecraft:green_bed":19,"minecraft:podzol":4,"minecraft:oak_slab":2,"minecraft:cherry_planks":22,"minecraft:crafting_table":2,"minecraft:torch":2,"minecraft:blast_furnace":3,"minecraft:sponge":1,"minecraft:lectern":1,"minecraft:deepslate_coal_ore":9,"minecraft:deepslate_gold_ore":22,"minecraft:lapis_ore":4,"minecraft:grindstone":1,"minecraft:sugar_cane":13,"minecraft:oak_planks":5,"minecraft:wall_torch":5,"minecraft:birch_log":67,"minecraft:beehive":1,"minecraft:gray_bed":2,"minecraft:spruce_log":9,"minecraft:birch_leaves":3,"minecraft:orange_tulip":3,"minecraft:bee_nest":1,"minecraft:white_wall_banner":1,"minecraft:stone_brick_stairs":1,"minecraft:grass":6,"minecraft:oak_log":33,"minecraft:coal_ore":52,"minecraft:cherry_leaves":26,"minecraft:gravel":26,"minecraft:dirt":3,"minecraft:chipped_anvil":1,"minecraft:oak_leaves":2,"minecraft:deepslate":11},"minecraft:crafted":{"minecraft:cherry_planks":188,"minecraft:oak_planks":132,"minecraft:coal":9,"minecraft:furnace":1,"minecraft:cherry_trapdoor":2,"minecraft:iron_axe":2,"minecraft:stone_pickaxe":1,"minecraft:chest":4,"minecraft:dark_oak_planks":536,"minecraft:wheat":207,"minecraft:cooked_beef":15,"minecraft:emerald":67,"minecraft:crafting_table":4,"minecraft:spruce_planks":36,"minecraft:wooden_pickaxe":1,"minecraft:fletching_table":3,"minecraft:birch_planks":268,"minecraft:stone_axe":1,"minecraft:bread":69,"minecraft:air":0,"minecraft:oak_boat":1,"minecraft:iron_chestplate":1,"minecraft:shield":1,"minecraft:stick":1624,"minecraft:iron_ingot":64,"minecraft:stone_sword":1,"minecraft:gold_ingot":56},"minecraft:custom":{"minecraft:mob_kills":42,"minecraft:interact_with_crafting_table":17,"minecraft:open_barrel":10,"minecraft:leave_game":2,"minecraft:time_since_death":142059,"minecraft:climb_one_cm":15261,"minecraft:sprint_one_cm":871595,"minecraft:walk_one_cm":629383,"minecraft:damage_blocked_by_shield":130,"minecraft:drop":36,"minecraft:talked_to_villager":28,"minecraft:raid_win":1,"minecraft:play_time":142059,"minecraft:sneak_time":10338,"minecraft:walk_under_water_one_cm":13161,"minecraft:boat_one_cm":110412,"minecraft:jump":3972,"minecraft:walk_on_water_one_cm":23706,"minecraft:total_world_time":142059,"minecraft:interact_with_furnace":7,"tombstone:raider_killed":11,"minecraft:traded_with_villager":67,"minecraft:raid_trigger":1,"minecraft:sleep_in_bed":7,"minecraft:time_since_rest":13623,"minecraft:damage_taken":1618,"minecraft:trigger_trapped_chest":2,"minecraft:damage_dealt":10191,"minecraft:swim_one_cm":79173,"minecraft:fly_one_cm":1376552,"minecraft:open_chest":102,"minecraft:crouch_one_cm":66904,"tombstone:undead_killed":15,"minecraft:interact_with_smoker":3,"minecraft:fall_one_cm":94848},"minecraft:killed":{"minecraft:spider":1,"minecraft:vindicator":1,"minecraft:skeleton":7,"minecraft:zombie_villager":1,"minecraft:iron_golem":2,"minecraft:ravager":1,"minecraft:creeper":1,"minecraft:pillager":9,"minecraft:zombie":7,"minecraft:cow":11},"minecraft:picked_up":{"minecraft:crafting_table":2,"minecraft:azure_bluet":1,"minecraft:string":3,"miners_delight:cave_carrot":1,"minecraft:armor_stand":5,"minecraft:cartography_table":3,"minecraft:gold_nugget":498,"minecraft:cobbled_deepslate":14,"minecraft:beef":14,"minecraft:white_tulip":6,"minecraft:oak_boat":1,"minecraft:lectern":1,"minecraft:sugar_cane":34,"minecraft:coal_block":1,"minecraft:birch_sapling":6,"minecraft:dark_oak_sapling":14,"minecraft:raw_iron":53,"minecraft:beehive":1,"minecraft:stick":16,"minecraft:oak_fence":1,"minecraft:torch":9,"minecraft:green_bed":19,"minecraft:cherry_log":61,"spartanweaponry:iron_halberd":1,"minecraft:arrow":3,"minecraft:rotten_flesh":3,"minecraft:hay_block":23,"minecraft:stripped_dark_oak_wood":4,"minecraft:pink_tulip":4,"minecraft:gold_ingot":22,"minecraft:cod":1,"minecraft:birch_log":67,"minecraft:cobblestone":119,"minecraft:sponge":2,"minecraft:cherry_planks":22,"minecraft:andesite":1,"minecraft:leather":4,"minecraft:filled_map":1,"minecraft:flint":6,"minecraft:tuff":3,"minecraft:oak_log":33,"minecraft:gunpowder":1,"minecraft:lapis_lazuli":50,"minecraft:dirt":10,"minecraft:lantern":1,"minecraft:white_banner":1,"minecraft:bone":3,"minecraft:chipped_anvil":1,"minecraft:apple":2,"minecraft:orange_tulip":2,"minecraft:wheat_seeds":2,"minecraft:iron_ingot":76,"minecraft:grindstone":1,"minecraft:fletching_table":7,"minecraft:gray_bed":2,"minecraft:oak_planks":97,"minecraft:book":74,"minecraft:oak_slab":2,"minecraft:gravel":20,"minecraft:blast_furnace":3,"minecraft:spruce_log":9,"minecraft:dark_oak_log":153,"alexsmobs:animal_dictionary":1,"minecraft:leather_helmet":1,"minecraft:bundle":1,"simplyswords:diamond_greathammer":1,"minecraft:diamond":1,"minecraft:iron_helmet":1,"minecraft:cherry_sapling":9,"minecraft:emerald":1,"minecraft:bread":5,"tombstone:magic_scroll":1,"minecraft:coal":61}},"DataVersion":3465}