{"stats":{"minecraft:crafted":{"minecraft:cooked_beef":15,"minecraft:oak_planks":132,"minecraft:coal":9,"minecraft:crafting_table":2,"minecraft:spruce_planks":36,"minecraft:wooden_pickaxe":1,"minecraft:stone_axe":1,"minecraft:bread":69,"minecraft:oak_boat":1,"minecraft:iron_chestplate":1,"minecraft:shield":1,"minecraft:stick":80,"minecraft:stone_pickaxe":1,"minecraft:stone_sword":1,"minecraft:gold_ingot":56,"minecraft:dark_oak_planks":44,"minecraft:wheat":207},"minecraft:broken":{"minecraft:stone_pickaxe":1},"minecraft:used":{"minecraft:water_bucket":2,"minecraft:stone_sword":64,"minecraft:stone_pickaxe":134,"minecraft:oak_planks":7,"minecraft:shield":1,"spartanweaponry:iron_halberd":18,"minecraft:wooden_pickaxe":12,"minecraft:iron_chestplate":1,"minecraft:torch":1,"minecraft:dirt":4,"minecraft:crafting_table":4,"minecraft:bread":10,"minecraft:iron_pickaxe":58,"minecraft:stone_axe":71,"minecraft:bucket":3,"alexsmobs:animal_dictionary":1,"minecraft:oak_boat":1,"minecraft:cooked_beef":5,"minecraft:tropical_fish_bucket":1},"minecraft:dropped":{"minecraft:bread":22,"minecraft:wheat_seeds":1,"minecraft:cooked_beef":8,"alexsmobs:animal_dictionary":2,"minecraft:diamond":1,"spartanweaponry:iron_halberd":1,"minecraft:oak_planks":18,"minecraft:lantern":1,"minecraft:leather":4,"minecraft:leather_helmet":1,"minecraft:gunpowder":1,"minecraft:sponge":2,"minecraft:white_banner":1,"minecraft:wooden_pickaxe":1,"minecraft:string":1,"minecraft:dark_oak_planks":33,"minecraft:armor_stand":1},"minecraft:picked_up":{"minecraft:sponge":2,"minecraft:crafting_table":2,"minecraft:leather":4,"minecraft:filled_map":1,"minecraft:oak_log":33,"minecraft:gunpowder":1,"minecraft:string":1,"minecraft:dirt":4,"minecraft:lantern":1,"minecraft:white_banner":1,"minecraft:armor_stand":5,"minecraft:wheat_seeds":1,"minecraft:gold_nugget":498,"minecraft:beef":14,"minecraft:grindstone":1,"minecraft:iron_ingot":10,"minecraft:oak_boat":1,"minecraft:coal_block":1,"minecraft:gray_bed":1,"minecraft:oak_planks":21,"minecraft:book":36,"minecraft:raw_iron":50,"minecraft:oak_fence":1,"minecraft:torch":2,"minecraft:blast_furnace":2,"minecraft:spruce_log":9,"minecraft:dark_oak_log":11,"alexsmobs:animal_dictionary":1,"minecraft:leather_helmet":1,"spartanweaponry:iron_halberd":1,"minecraft:diamond":1,"minecraft:hay_block":23,"minecraft:iron_helmet":1,"minecraft:bread":5,"tombstone:magic_scroll":1,"minecraft:coal":53,"minecraft:cobblestone":43},"minecraft:custom":{"minecraft:mob_kills":12,"minecraft:interact_with_crafting_table":9,"minecraft:open_barrel":3,"minecraft:leave_game":1,"minecraft:time_since_death":47151,"minecraft:sleep_in_bed":2,"minecraft:climb_one_cm":1966,"minecraft:time_since_rest":18987,"minecraft:sprint_one_cm":322348,"minecraft:damage_taken":308,"minecraft:walk_one_cm":204597,"minecraft:damage_blocked_by_shield":130,"minecraft:trigger_trapped_chest":2,"minecraft:drop":22,"minecraft:damage_dealt":3352,"minecraft:swim_one_cm":37175,"minecraft:talked_to_villager":6,"minecraft:fly_one_cm":405073,"minecraft:open_chest":41,"tombstone:undead_killed":3,"minecraft:crouch_one_cm":27666,"minecraft:play_time":47151,"minecraft:sneak_time":4386,"minecraft:walk_under_water_one_cm":1558,"minecraft:boat_one_cm":110412,"minecraft:jump":1183,"minecraft:walk_on_water_one_cm":1959,"minecraft:interact_with_smoker":3,"minecraft:total_world_time":47151,"minecraft:fall_one_cm":28092},"minecraft:mined":{"minecraft:podzol":1,"minecraft:dark_oak_log":11,"minecraft:crafting_table":2,"minecraft:blast_furnace":2,"minecraft:sponge":1,"minecraft:deepslate_coal_ore":9,"minecraft:grindstone":1,"minecraft:oak_planks":3,"minecraft:wall_torch":2,"minecraft:hay_block":23,"minecraft:iron_ore":52,"minecraft:gray_bed":1,"minecraft:spruce_log":9,"minecraft:white_wall_banner":1,"minecraft:grass":4,"minecraft:bookshelf":12,"minecraft:oak_log":33,"minecraft:coal_ore":44,"iceandfire:gold_pile":50,"minecraft:dirt":3,"biomesoplenty:barley":4,"minecraft:stone":38,"minecraft:oak_leaves":2},"minecraft:killed":{"minecraft:iron_golem":2,"minecraft:creeper":1,"minecraft:zombie":3,"minecraft:cow":6}},"DataVersion":3465}