{"stats":{"minecraft:used":{"minecraft:cherry_sapling":9,"minecraft:enchanting_table":2,"minecraft:stone_sword":129,"minecraft:chest":8,"spartanweaponry:iron_halberd":43,"minecraft:shield":3,"minecraft:iron_sword":196,"minecraft:iron_chestplate":1,"minecraft:torch":95,"minecraft:dirt":4,"minecraft:spyglass":21,"minecraft:dark_oak_planks":2,"minecraft:chipped_anvil":1,"minecraft:bookshelf":15,"minecraft:iron_axe":617,"wom:diamond_armbracelet":1,"minecraft:birch_sapling":6,"minecraft:cherry_trapdoor":2,"minecraft:iron_helmet":1,"simplyswords:iron_longsword":254,"simplyswords:diamond_greathammer":97,"minecraft:smooth_quartz":87,"minecraft:furnace":1,"minecraft:gray_bed":2,"minecraft:dark_oak_sapling":14,"minecraft:cooked_beef":7,"minecraft:cobbled_deepslate":25,"minecraft:cherry_log":14,"epicfight:skillbook":12,"minecraft:water_bucket":25,"minecraft:pink_tulip":3,"minecraft:stone_pickaxe":134,"minecraft:oak_planks":102,"minecraft:cherry_planks":159,"minecraft:wooden_pickaxe":12,"minecraft:green_bed":19,"minecraft:fletching_table":10,"minecraft:sugar_cane":34,"minecraft:golden_apple":3,"minecraft:crafting_table":6,"minecraft:spruce_log":1,"minecraft:diamond_pickaxe":379,"minecraft:dark_oak_log":30,"minecraft:bread":175,"minecraft:iron_pickaxe":408,"minecraft:stone_axe":71,"minecraft:diamond_sword":411,"minecraft:cobblestone":22,"minecraft:grindstone":1,"minecraft:bucket":26,"alexsmobs:animal_dictionary":1,"minecraft:oak_boat":1,"minecraft:tropical_fish_bucket":1,"minecraft:bone_meal":13},"minecraft:broken":{"minecraft:iron_boots":2,"minecraft:iron_chestplate":1,"minecraft:chainmail_helmet":1,"minecraft:chainmail_boots":1,"minecraft:stone_pickaxe":1,"simplyswords:iron_longsword":1,"minecraft:iron_axe":2,"minecraft:iron_sword":1,"minecraft:iron_pickaxe":1,"minecraft:iron_helmet":2,"minecraft:diamond_sword":1},"minecraft:dropped":{"minecraft:bread":80,"minecraft:cooked_beef":8,"minecraft:wheat_seeds":1,"wom:diamond_armbracelet":1,"minecraft:diamond":1,"minecraft:orange_tulip":2,"minecraft:lantern":1,"minecraft:leather":4,"minecraft:apple":2,"minecraft:spruce_stairs":1,"minecraft:leather_helmet":1,"minecraft:golden_apple":1,"minecraft:sponge":2,"minecraft:torch":1,"minecraft:dark_oak_wood":1,"tombstone:grave_dust":5,"minecraft:iron_leggings":1,"minecraft:oak_stairs":2,"minecraft:white_banner":1,"minecraft:bone":23,"minecraft:string":10,"minecraft:iron_pickaxe":1,"minecraft:dark_oak_planks":33,"minecraft:armor_stand":1,"minecraft:cyan_carpet":1,"minecraft:pink_tulip":1,"minecraft:white_tulip":6,"wom:agony":1,"spartanweaponry:iron_halberd":1,"alexsmobs:animal_dictionary":2,"spartanweaponry:iron_scythe":1,"tombstone:gift":1,"iceandfire:witherbone":14,"minecraft:oak_planks":93,"minecraft:azure_bluet":1,"minecraft:spruce_fence":8,"minecraft:pumpkin_seeds":4,"minecraft:filled_map":1,"minecraft:diamond_sword":3,"minecraft:gunpowder":1,"minecraft:bundle":1,"simplyswords:diamond_greathammer":1,"minecraft:spider_eye":8,"minecraft:spruce_slab":2,"minecraft:arrow":2,"minecraft:wooden_pickaxe":1,"minecraft:cartography_table":2,"epicfight:skillbook":8},"minecraft:crafted":{"minecraft:cherry_planks":188,"minecraft:grindstone":1,"minecraft:oak_planks":132,"minecraft:coal":9,"minecraft:furnace":1,"minecraft:stone":3,"minecraft:bone_meal":27,"minecraft:bookshelf":15,"minecraft:cherry_trapdoor":2,"minecraft:diamond_helmet":1,"minecraft:iron_boots":1,"minecraft:iron_axe":2,"minecraft:stone_pickaxe":1,"minecraft:chest":8,"minecraft:dark_oak_planks":1128,"minecraft:wheat":459,"minecraft:cooked_beef":15,"minecraft:diamond_axe":1,"minecraft:emerald":84,"minecraft:crafting_table":4,"minecraft:enchanting_table":1,"minecraft:spruce_planks":36,"minecraft:wooden_pickaxe":1,"minecraft:fletching_table":3,"minecraft:birch_planks":268,"minecraft:stone_axe":1,"minecraft:bread":153,"minecraft:air":0,"minecraft:oak_boat":1,"minecraft:iron_chestplate":1,"minecraft:shield":1,"minecraft:stick":2228,"minecraft:stone_slab":6,"minecraft:iron_ingot":64,"minecraft:stone_sword":1,"minecraft:iron_leggings":1,"minecraft:gold_ingot":227,"minecraft:torch":72,"minecraft:diamond_chestplate":1},"minecraft:mined":{"minecraft:dark_oak_planks":2,"minecraft:dark_prismarine":36,"minecraft:spruce_planks":6,"minecraft:dark_oak_leaves":9,"minecraft:deepslate_diamond_ore":17,"minecraft:cherry_log":61,"minecraft:jungle_leaves":1,"minecraft:dark_oak_log":355,"minecraft:obsidian":10,"minecraft:grass_block":3,"minecraft:spruce_fence":23,"minecraft:cartography_table":1,"minecraft:spawner":44,"minecraft:hay_block":51,"minecraft:iron_ore":96,"minecraft:cobbled_deepslate":4,"minecraft:andesite":1,"minecraft:deepslate_lapis_ore":15,"minecraft:fletching_table":7,"minecraft:enchanting_table":1,"minecraft:stripped_dark_oak_wood":4,"minecraft:azure_bluet":1,"minecraft:gold_block":15,"minecraft:bookshelf":56,"minecraft:deepslate_iron_ore":66,"iceandfire:gold_pile":50,"minecraft:pink_tulip":4,"biomesoplenty:barley":4,"minecraft:stone":206,"minecraft:white_tulip":5,"minecraft:bone_block":52,"minecraft:spruce_slab":2,"minecraft:green_bed":19,"minecraft:podzol":4,"minecraft:oak_slab":2,"minecraft:cherry_planks":22,"minecraft:crafting_table":2,"minecraft:torch":11,"minecraft:dark_oak_wood":6,"minecraft:blast_furnace":3,"minecraft:sponge":1,"minecraft:lectern":1,"minecraft:deepslate_coal_ore":9,"minecraft:oak_planks":5,"minecraft:deepslate_gold_ore":40,"minecraft:lapis_ore":4,"minecraft:grindstone":1,"minecraft:sugar_cane":13,"minecraft:wall_torch":16,"minecraft:beehive":1,"minecraft:birch_log":67,"minecraft:gray_bed":2,"minecraft:spruce_log":10,"minecraft:birch_leaves":4,"minecraft:orange_tulip":3,"minecraft:white_wall_banner":1,"minecraft:bee_nest":1,"minecraft:stone_brick_stairs":1,"minecraft:grass":8,"minecraft:coal_ore":52,"minecraft:oak_log":33,"minecraft:cherry_leaves":26,"minecraft:smooth_quartz":147,"minecraft:cyan_carpet":3,"minecraft:gravel":26,"minecraft:dirt":3,"minecraft:cobweb":2,"minecraft:chipped_anvil":1,"minecraft:oak_leaves":2,"minecraft:deepslate":45},"minecraft:custom":{"minecraft:mob_kills":205,"minecraft:interact_with_crafting_table":29,"minecraft:open_barrel":17,"minecraft:damage_dealt_resisted":12519,"minecraft:leave_game":7,"minecraft:time_since_death":164205,"minecraft:climb_one_cm":22540,"minecraft:sprint_one_cm":1534645,"minecraft:walk_one_cm":1425796,"minecraft:damage_blocked_by_shield":290,"minecraft:drop":92,"minecraft:talked_to_villager":30,"minecraft:raid_win":1,"minecraft:play_time":311852,"minecraft:deaths":1,"minecraft:sneak_time":17139,"minecraft:walk_under_water_one_cm":26891,"minecraft:boat_one_cm":110412,"minecraft:jump":8709,"minecraft:walk_on_water_one_cm":58543,"minecraft:enchant_item":4,"minecraft:total_world_time":311852,"minecraft:interact_with_furnace":12,"tombstone:raider_killed":11,"minecraft:traded_with_villager":84,"minecraft:raid_trigger":1,"minecraft:interact_with_grindstone":3,"minecraft:sleep_in_bed":12,"minecraft:time_since_rest":2910,"minecraft:damage_taken":9759,"minecraft:damage_absorbed":121,"minecraft:trigger_trapped_chest":2,"minecraft:damage_dealt":66955,"minecraft:fly_one_cm":2664888,"minecraft:swim_one_cm":116167,"minecraft:open_chest":236,"minecraft:crouch_one_cm":110100,"tombstone:undead_killed":143,"minecraft:interact_with_smoker":3,"minecraft:fall_one_cm":178446},"minecraft:killed":{"minecraft:cave_spider":15,"minecraft:spider":17,"minecraft:vindicator":1,"minecraft:skeleton":14,"alexsmobs:rocky_roller":1,"artifacts:mimic":1,"minecraft:zombie_villager":1,"minecraft:iron_golem":2,"minecraft:ravager":1,"minecraft:creeper":2,"minecraft:pillager":9,"minecraft:zombie":15,"minecraft:wither_skeleton":113,"minecraft:cow":11},"minecraft:killed_by":{"alexsmobs:centipede_head":1},"minecraft:picked_up":{"minecraft:crafting_table":2,"minecraft:azure_bluet":1,"iceandfire:witherbone":39,"minecraft:diamond_sword":5,"minecraft:oak_stairs":2,"minecraft:gold_block":15,"travelersbackpack:sandstone":1,"minecraft:string":44,"miners_delight:cave_carrot":1,"minecraft:armor_stand":5,"minecraft:cyan_carpet":14,"minecraft:cartography_table":3,"minecraft:gold_nugget":498,"minecraft:cobbled_deepslate":53,"minecraft:spruce_planks":12,"minecraft:beef":14,"minecraft:white_tulip":6,"minecraft:oak_boat":1,"minecraft:iron_pickaxe":1,"minecraft:spruce_slab":2,"minecraft:smooth_quartz":123,"minecraft:lectern":1,"minecraft:coal_block":1,"minecraft:sugar_cane":34,"minecraft:birch_sapling":6,"minecraft:beehive":1,"minecraft:dark_oak_sapling":20,"minecraft:stick":20,"minecraft:raw_iron":53,"minecraft:oak_fence":1,"minecraft:torch":32,"minecraft:green_bed":19,"minecraft:spruce_stairs":1,"artifacts:vampiric_glove":1,"minecraft:spruce_fence":11,"epicfight:skillbook":15,"minecraft:cherry_log":61,"tombstone:grave_dust":9,"minecraft:dark_oak_planks":2,"spartanweaponry:iron_halberd":1,"minecraft:arrow":15,"minecraft:rotten_flesh":10,"minecraft:hay_block":51,"minecraft:stripped_dark_oak_wood":4,"minecraft:pink_tulip":4,"minecraft:gold_ingot":40,"minecraft:bone_block":52,"minecraft:obsidian":10,"minecraft:cod":1,"minecraft:birch_log":67,"minecraft:cobblestone":127,"minecraft:sponge":2,"minecraft:enchanting_table":1,"minecraft:cherry_planks":22,"minecraft:andesite":1,"minecraft:leather":4,"minecraft:filled_map":1,"minecraft:flint":6,"minecraft:tuff":3,"minecraft:oak_log":33,"minecraft:gunpowder":1,"minecraft:wither_skeleton_skull":2,"alexsmobs:rocky_shell":1,"minecraft:lapis_lazuli":117,"minecraft:dirt":10,"minecraft:lantern":1,"minecraft:white_banner":1,"minecraft:chipped_anvil":1,"minecraft:bone":87,"minecraft:apple":3,"minecraft:wheat_seeds":2,"minecraft:orange_tulip":2,"minecraft:grindstone":1,"minecraft:iron_ingot":116,"minecraft:fletching_table":7,"minecraft:gray_bed":2,"minecraft:oak_planks":97,"minecraft:iron_sword":1,"minecraft:book":170,"minecraft:oak_slab":2,"spartanweaponry:iron_scythe":1,"minecraft:spyglass":1,"minecraft:gravel":20,"minecraft:blast_furnace":3,"minecraft:dark_oak_log":352,"minecraft:spruce_log":10,"minecraft:spider_eye":9,"alexsmobs:animal_dictionary":1,"minecraft:leather_helmet":1,"minecraft:dark_prismarine":16,"minecraft:bundle":2,"simplyswords:diamond_greathammer":1,"minecraft:diamond":18,"minecraft:iron_helmet":1,"minecraft:cherry_sapling":9,"minecraft:emerald":1,"minecraft:bread":5,"tombstone:magic_scroll":1,"minecraft:coal":84,"minecraft:dark_oak_wood":6}},"DataVersion":3465}