{"stats":{"minecraft:broken":{"minecraft:iron_boots":2,"minecraft:iron_chestplate":1,"minecraft:chainmail_boots":1,"minecraft:chainmail_helmet":1,"minecraft:stone_pickaxe":1,"simplyswords:iron_longsword":1,"minecraft:iron_axe":2,"minecraft:iron_sword":1,"minecraft:iron_pickaxe":1,"minecraft:iron_helmet":2,"minecraft:diamond_sword":1},"minecraft:killed":{"minecraft:cave_spider":12,"minecraft:spider":17,"minecraft:vindicator":1,"minecraft:skeleton":14,"alexsmobs:rocky_roller":1,"artifacts:mimic":1,"minecraft:zombie_villager":1,"minecraft:iron_golem":2,"minecraft:ravager":1,"minecraft:creeper":2,"minecraft:pillager":9,"minecraft:zombie":14,"minecraft:wither_skeleton":100,"minecraft:cow":11},"minecraft:picked_up":{"minecraft:crafting_table":2,"minecraft:azure_bluet":1,"iceandfire:witherbone":34,"minecraft:diamond_sword":5,"minecraft:oak_stairs":2,"minecraft:gold_block":12,"travelersbackpack:sandstone":1,"minecraft:string":41,"miners_delight:cave_carrot":1,"minecraft:armor_stand":5,"minecraft:cyan_carpet":13,"minecraft:cartography_table":3,"minecraft:gold_nugget":498,"minecraft:cobbled_deepslate":53,"minecraft:spruce_planks":10,"minecraft:beef":14,"minecraft:white_tulip":6,"minecraft:oak_boat":1,"minecraft:iron_pickaxe":1,"minecraft:spruce_slab":2,"minecraft:smooth_quartz":113,"minecraft:lectern":1,"minecraft:coal_block":1,"minecraft:sugar_cane":34,"minecraft:birch_sapling":6,"minecraft:beehive":1,"minecraft:dark_oak_sapling":20,"minecraft:stick":20,"minecraft:raw_iron":53,"minecraft:oak_fence":1,"minecraft:torch":27,"minecraft:green_bed":19,"minecraft:spruce_stairs":1,"artifacts:vampiric_glove":1,"minecraft:spruce_fence":8,"epicfight:skillbook":14,"minecraft:cherry_log":61,"tombstone:grave_dust":6,"spartanweaponry:iron_halberd":1,"minecraft:arrow":15,"minecraft:rotten_flesh":10,"minecraft:hay_block":51,"minecraft:stripped_dark_oak_wood":4,"minecraft:pink_tulip":4,"minecraft:gold_ingot":40,"minecraft:bone_block":52,"minecraft:obsidian":8,"minecraft:cod":1,"minecraft:birch_log":67,"minecraft:cobblestone":127,"minecraft:sponge":2,"minecraft:enchanting_table":1,"minecraft:cherry_planks":22,"minecraft:andesite":1,"minecraft:leather":4,"minecraft:filled_map":1,"minecraft:flint":6,"minecraft:tuff":3,"minecraft:oak_log":33,"minecraft:gunpowder":1,"minecraft:wither_skeleton_skull":2,"alexsmobs:rocky_shell":1,"minecraft:lapis_lazuli":117,"minecraft:dirt":10,"minecraft:lantern":1,"minecraft:white_banner":1,"minecraft:chipped_anvil":1,"minecraft:bone":73,"minecraft:apple":3,"minecraft:wheat_seeds":2,"minecraft:orange_tulip":2,"minecraft:grindstone":1,"minecraft:iron_ingot":116,"minecraft:fletching_table":7,"minecraft:gray_bed":2,"minecraft:oak_planks":97,"minecraft:iron_sword":1,"minecraft:book":170,"minecraft:oak_slab":2,"spartanweaponry:iron_scythe":1,"minecraft:spyglass":1,"minecraft:gravel":20,"minecraft:blast_furnace":3,"minecraft:dark_prismarine":16,"minecraft:spruce_log":10,"minecraft:dark_oak_log":352,"minecraft:spider_eye":7,"alexsmobs:animal_dictionary":1,"minecraft:leather_helmet":1,"minecraft:bundle":2,"simplyswords:diamond_greathammer":1,"minecraft:diamond":18,"minecraft:iron_helmet":1,"minecraft:cherry_sapling":9,"minecraft:emerald":1,"minecraft:bread":5,"tombstone:magic_scroll":1,"minecraft:coal":76,"minecraft:dark_oak_wood":6},"minecraft:used":{"minecraft:cherry_sapling":9,"minecraft:enchanting_table":2,"minecraft:stone_sword":129,"minecraft:chest":6,"spartanweaponry:iron_halberd":43,"minecraft:shield":3,"minecraft:iron_sword":196,"minecraft:iron_chestplate":1,"minecraft:torch":69,"minecraft:dirt":4,"minecraft:spyglass":21,"minecraft:bookshelf":15,"wom:diamond_armbracelet":1,"minecraft:iron_axe":608,"minecraft:birch_sapling":6,"minecraft:cherry_trapdoor":2,"minecraft:iron_helmet":1,"simplyswords:iron_longsword":254,"simplyswords:diamond_greathammer":97,"minecraft:smooth_quartz":57,"minecraft:furnace":1,"minecraft:gray_bed":2,"minecraft:dark_oak_sapling":10,"minecraft:cooked_beef":7,"minecraft:cobbled_deepslate":25,"minecraft:cherry_log":14,"epicfight:skillbook":11,"minecraft:water_bucket":22,"minecraft:pink_tulip":3,"minecraft:stone_pickaxe":134,"minecraft:oak_planks":102,"minecraft:cherry_planks":159,"minecraft:wooden_pickaxe":12,"minecraft:green_bed":19,"minecraft:fletching_table":10,"minecraft:sugar_cane":34,"minecraft:golden_apple":2,"minecraft:crafting_table":6,"minecraft:spruce_log":1,"minecraft:diamond_pickaxe":337,"minecraft:dark_oak_log":30,"minecraft:bread":152,"minecraft:iron_pickaxe":408,"minecraft:stone_axe":71,"minecraft:diamond_sword":320,"minecraft:cobblestone":22,"minecraft:bucket":23,"alexsmobs:animal_dictionary":1,"minecraft:oak_boat":1,"minecraft:tropical_fish_bucket":1,"minecraft:bone_meal":12},"minecraft:crafted":{"minecraft:cherry_planks":188,"minecraft:oak_planks":132,"minecraft:coal":9,"minecraft:furnace":1,"minecraft:bone_meal":27,"minecraft:bookshelf":15,"minecraft:cherry_trapdoor":2,"minecraft:iron_boots":1,"minecraft:iron_axe":2,"minecraft:stone_pickaxe":1,"minecraft:chest":6,"minecraft:dark_oak_planks":1064,"minecraft:wheat":459,"minecraft:cooked_beef":15,"minecraft:emerald":84,"minecraft:crafting_table":4,"minecraft:enchanting_table":1,"minecraft:spruce_planks":36,"minecraft:wooden_pickaxe":1,"minecraft:fletching_table":3,"minecraft:birch_planks":268,"minecraft:stone_axe":1,"minecraft:bread":153,"minecraft:air":0,"minecraft:oak_boat":1,"minecraft:iron_chestplate":1,"minecraft:shield":1,"minecraft:stick":2228,"minecraft:iron_ingot":64,"minecraft:stone_sword":1,"minecraft:iron_leggings":1,"minecraft:gold_ingot":56,"minecraft:torch":72,"minecraft:diamond_chestplate":1},"minecraft:killed_by":{"alexsmobs:centipede_head":1},"minecraft:mined":{"minecraft:dark_prismarine":36,"minecraft:spruce_planks":4,"minecraft:dark_oak_leaves":9,"minecraft:deepslate_diamond_ore":17,"minecraft:cherry_log":61,"minecraft:jungle_leaves":1,"minecraft:dark_oak_log":355,"minecraft:obsidian":8,"minecraft:grass_block":3,"minecraft:spruce_fence":18,"minecraft:cartography_table":1,"minecraft:spawner":29,"minecraft:hay_block":51,"minecraft:iron_ore":96,"minecraft:cobbled_deepslate":4,"minecraft:andesite":1,"minecraft:deepslate_lapis_ore":15,"minecraft:fletching_table":7,"minecraft:enchanting_table":1,"minecraft:stripped_dark_oak_wood":4,"minecraft:azure_bluet":1,"minecraft:gold_block":12,"minecraft:bookshelf":56,"minecraft:deepslate_iron_ore":66,"iceandfire:gold_pile":50,"minecraft:pink_tulip":4,"biomesoplenty:barley":4,"minecraft:stone":201,"minecraft:white_tulip":5,"minecraft:bone_block":52,"minecraft:spruce_slab":2,"minecraft:green_bed":19,"minecraft:podzol":4,"minecraft:oak_slab":2,"minecraft:cherry_planks":22,"minecraft:crafting_table":2,"minecraft:torch":9,"minecraft:dark_oak_wood":6,"minecraft:blast_furnace":3,"minecraft:sponge":1,"minecraft:lectern":1,"minecraft:deepslate_coal_ore":9,"minecraft:oak_planks":5,"minecraft:deepslate_gold_ore":40,"minecraft:lapis_ore":4,"minecraft:grindstone":1,"minecraft:sugar_cane":13,"minecraft:wall_torch":13,"minecraft:beehive":1,"minecraft:birch_log":67,"minecraft:gray_bed":2,"minecraft:spruce_log":10,"minecraft:birch_leaves":4,"minecraft:orange_tulip":3,"minecraft:white_wall_banner":1,"minecraft:bee_nest":1,"minecraft:stone_brick_stairs":1,"minecraft:grass":8,"minecraft:coal_ore":52,"minecraft:oak_log":33,"minecraft:cyan_carpet":2,"minecraft:cherry_leaves":26,"minecraft:dirt":3,"minecraft:gravel":26,"minecraft:smooth_quartz":131,"minecraft:cobweb":2,"minecraft:chipped_anvil":1,"minecraft:oak_leaves":2,"minecraft:deepslate":45},"minecraft:custom":{"minecraft:mob_kills":187,"minecraft:interact_with_crafting_table":24,"minecraft:open_barrel":17,"minecraft:damage_dealt_resisted":10738,"minecraft:leave_game":5,"minecraft:time_since_death":135561,"minecraft:climb_one_cm":21148,"minecraft:sprint_one_cm":1409500,"minecraft:walk_one_cm":1335174,"minecraft:damage_blocked_by_shield":290,"minecraft:drop":88,"minecraft:talked_to_villager":30,"minecraft:raid_win":1,"minecraft:play_time":283208,"minecraft:deaths":1,"minecraft:sneak_time":17028,"minecraft:walk_under_water_one_cm":24541,"minecraft:boat_one_cm":110412,"minecraft:jump":7973,"minecraft:walk_on_water_one_cm":43426,"minecraft:total_world_time":283208,"minecraft:interact_with_furnace":10,"tombstone:raider_killed":11,"minecraft:traded_with_villager":84,"minecraft:raid_trigger":1,"minecraft:sleep_in_bed":11,"minecraft:time_since_rest":82949,"minecraft:damage_absorbed":81,"minecraft:damage_taken":8157,"minecraft:trigger_trapped_chest":2,"minecraft:damage_dealt":60226,"minecraft:fly_one_cm":2392660,"minecraft:swim_one_cm":99522,"minecraft:open_chest":170,"minecraft:crouch_one_cm":109315,"tombstone:undead_killed":129,"minecraft:interact_with_smoker":3,"minecraft:fall_one_cm":159951},"minecraft:dropped":{"minecraft:bread":80,"wom:diamond_armbracelet":1,"minecraft:wheat_seeds":1,"minecraft:cooked_beef":8,"minecraft:diamond":1,"minecraft:orange_tulip":2,"minecraft:lantern":1,"minecraft:leather":4,"minecraft:apple":2,"minecraft:spruce_stairs":1,"minecraft:leather_helmet":1,"minecraft:golden_apple":1,"minecraft:sponge":2,"minecraft:dark_oak_wood":1,"tombstone:grave_dust":5,"minecraft:iron_leggings":1,"minecraft:oak_stairs":2,"minecraft:white_banner":1,"minecraft:bone":23,"minecraft:iron_pickaxe":1,"minecraft:string":10,"minecraft:dark_oak_planks":33,"minecraft:armor_stand":1,"minecraft:pink_tulip":1,"minecraft:white_tulip":6,"wom:agony":1,"spartanweaponry:iron_halberd":1,"alexsmobs:animal_dictionary":2,"spartanweaponry:iron_scythe":1,"tombstone:gift":1,"iceandfire:witherbone":14,"minecraft:oak_planks":93,"minecraft:azure_bluet":1,"minecraft:spruce_fence":8,"minecraft:pumpkin_seeds":4,"minecraft:filled_map":1,"minecraft:diamond_sword":3,"minecraft:gunpowder":1,"minecraft:bundle":1,"simplyswords:diamond_greathammer":1,"minecraft:spider_eye":6,"minecraft:spruce_slab":2,"minecraft:arrow":2,"minecraft:wooden_pickaxe":1,"minecraft:cartography_table":2,"epicfight:skillbook":8}},"DataVersion":3465}