{"stats":{"minecraft:crafted":{"epicfight:stone_spear":1,"minecraft:crafting_table":2,"minecraft:cooked_chicken":7,"minecraft:wooden_pickaxe":1,"spartanshields:wooden_tower_shield":1,"minecraft:furnace":1,"epicfight:stone_greatsword":1,"minecraft:dark_oak_button":2,"minecraft:stone_axe":1,"spartanshields:stone_tower_shield":1,"minecraft:cooked_mutton":1,"minecraft:air":0,"minecraft:stick":20,"minecraft:stone_pickaxe":1,"minecraft:stone_sword":1,"minecraft:acacia_planks":28,"minecraft:dark_oak_planks":48,"minecraft:torch":8},"minecraft:used":{"minecraft:cooked_mutton":1,"minecraft:acacia_log":3,"minecraft:stone_pickaxe":21,"minecraft:wooden_pickaxe":58,"minecraft:cooked_chicken":7,"minecraft:brewing_stand":1,"minecraft:dirt":16,"minecraft:crafting_table":2,"minecraft:cod_bucket":1,"spartanshields:stone_tower_shield":6,"epicfight:stone_spear":36,"minecraft:dark_oak_log":9,"minecraft:bread":3,"minecraft:iron_pickaxe":6,"minecraft:dark_oak_button":3,"minecraft:stone_axe":2,"minecraft:iron_trapdoor":1,"minecraft:furnace":2,"tombstone:gift":1},"minecraft:dropped":{"minecraft:cooked_chicken":1,"spartanweaponry:iron_halberd":1,"epicfight:stone_greatsword":1,"iceandfire:dragon_skull_lightning":1},"minecraft:picked_up":{"iceandfire:dragon_skull_lightning":2,"minecraft:crafting_table":2,"minecraft:feather":11,"minecraft:dark_oak_button":1,"minecraft:chicken":7,"minecraft:iron_trapdoor":1,"minecraft:smithing_table":1,"minecraft:smoker":1,"minecraft:brewing_stand":2,"minecraft:dirt":24,"minecraft:string":1,"minecraft:bell":1,"minecraft:cooked_chicken":1,"minecraft:gray_bed":1,"minecraft:furnace":2,"iceandfire:dragonbone":26,"minecraft:acacia_log":10,"minecraft:porkchop":1,"minecraft:redstone":1,"minecraft:dark_oak_log":21,"minecraft:spider_eye":1,"minecraft:dark_oak_planks":33,"spartanweaponry:iron_halberd":1,"minecraft:rotten_flesh":2,"minecraft:bread":22,"minecraft:mutton":1,"minecraft:coal":39,"minecraft:white_wool":1,"minecraft:cobblestone":49},"minecraft:custom":{"minecraft:interact_with_furnace":10,"minecraft:mob_kills":14,"minecraft:interact_with_crafting_table":8,"minecraft:open_barrel":5,"minecraft:damage_dealt_resisted":4,"minecraft:eat_cake_slice":5,"minecraft:leave_game":7,"minecraft:time_since_death":14460,"minecraft:sleep_in_bed":1,"minecraft:climb_one_cm":3304,"minecraft:time_since_rest":4547,"minecraft:sprint_one_cm":273740,"minecraft:damage_taken":1130,"minecraft:walk_one_cm":208078,"minecraft:damage_blocked_by_shield":150,"minecraft:trigger_trapped_chest":2,"minecraft:drop":4,"minecraft:damage_dealt":1494,"minecraft:swim_one_cm":19758,"minecraft:talked_to_villager":4,"minecraft:fly_one_cm":358161,"minecraft:open_chest":27,"minecraft:crouch_one_cm":6382,"tombstone:undead_killed":2,"minecraft:play_time":74832,"minecraft:deaths":3,"minecraft:sneak_time":1196,"minecraft:walk_under_water_one_cm":1914,"minecraft:boat_one_cm":20696,"minecraft:jump":982,"minecraft:walk_on_water_one_cm":796,"minecraft:total_world_time":74832,"minecraft:fall_one_cm":19907},"minecraft:mined":{"minecraft:smithing_table":1,"minecraft:dark_oak_leaves":1,"minecraft:smoker":1,"minecraft:dark_oak_log":21,"minecraft:brewing_stand":2,"minecraft:crafting_table":2,"minecraft:acacia_log":10,"minecraft:grass_block":5,"minecraft:redstone_wire":1,"minecraft:tall_grass":1,"minecraft:furnace":2,"minecraft:gray_bed":1,"minecraft:bell":1,"minecraft:grass":7,"minecraft:coal_ore":34,"minecraft:dark_oak_button":1,"minecraft:dirt":19,"minecraft:stone":43,"minecraft:iron_trapdoor":1,"minecraft:oak_leaves":2},"minecraft:killed":{"minecraft:pig":1,"minecraft:spider":2,"minecraft:sheep":1,"minecraft:zombie":2,"minecraft:chicken":8},"minecraft:killed_by":{"minecraft:skeleton":1,"iceandfire:ghost":1,"mowziesmobs:umvuthana_raptor":1}},"DataVersion":3465}