{"stats":{"minecraft:crafted":{"epicfight:stone_spear":1,"minecraft:crafting_table":1,"minecraft:stick":12,"minecraft:stone_pickaxe":1,"minecraft:wooden_pickaxe":1,"minecraft:cooked_chicken":7,"spartanshields:wooden_tower_shield":1,"minecraft:stone_sword":1,"minecraft:furnace":1,"minecraft:acacia_planks":28,"epicfight:stone_greatsword":1,"minecraft:torch":8,"minecraft:stone_axe":1,"spartanshields:stone_tower_shield":1,"minecraft:cooked_mutton":1,"minecraft:air":0},"minecraft:used":{"minecraft:cooked_mutton":1,"minecraft:acacia_log":3,"minecraft:stone_pickaxe":21,"minecraft:wooden_pickaxe":58,"minecraft:cooked_chicken":5,"minecraft:stone_axe":2,"minecraft:dirt":16,"minecraft:crafting_table":2,"minecraft:furnace":2,"epicfight:stone_spear":19},"minecraft:dropped":{"minecraft:cooked_chicken":1,"epicfight:stone_greatsword":1,"iceandfire:dragon_skull_lightning":1},"minecraft:picked_up":{"iceandfire:dragon_skull_lightning":2,"minecraft:crafting_table":2,"iceandfire:dragonbone":26,"minecraft:feather":11,"minecraft:chicken":7,"minecraft:acacia_log":10,"minecraft:porkchop":1,"minecraft:dirt":24,"minecraft:cooked_chicken":1,"minecraft:mutton":1,"minecraft:coal":39,"minecraft:white_wool":1,"minecraft:cobblestone":49,"minecraft:furnace":2},"minecraft:mined":{"minecraft:furnace":2,"minecraft:crafting_table":2,"minecraft:grass":7,"minecraft:acacia_log":10,"minecraft:grass_block":5,"minecraft:coal_ore":34,"minecraft:dirt":19,"minecraft:stone":43,"minecraft:oak_leaves":2},"minecraft:custom":{"minecraft:time_since_rest":50965,"minecraft:interact_with_furnace":10,"minecraft:sprint_one_cm":97339,"minecraft:damage_taken":240,"minecraft:walk_one_cm":87798,"minecraft:mob_kills":11,"minecraft:drop":3,"minecraft:damage_dealt":699,"minecraft:interact_with_crafting_table":5,"minecraft:fly_one_cm":131679,"minecraft:crouch_one_cm":6337,"tombstone:undead_killed":1,"minecraft:play_time":50965,"minecraft:sneak_time":1108,"minecraft:jump":436,"minecraft:leave_game":6,"minecraft:time_since_death":50965,"minecraft:total_world_time":50965,"minecraft:fall_one_cm":10865},"minecraft:killed":{"minecraft:sheep":1,"minecraft:zombie":1,"minecraft:pig":1,"minecraft:chicken":8}},"DataVersion":3465}