{"stats":{"minecraft:crafted":{"epicfight:stone_spear":1,"minecraft:crafting_table":1,"minecraft:stick":12,"minecraft:stone_pickaxe":1,"minecraft:wooden_pickaxe":1,"spartanshields:wooden_tower_shield":1,"minecraft:stone_sword":1,"minecraft:furnace":1,"minecraft:acacia_planks":28,"epicfight:stone_greatsword":1,"minecraft:stone_axe":1,"spartanshields:stone_tower_shield":1,"minecraft:cooked_mutton":1},"minecraft:used":{"minecraft:cooked_mutton":1,"minecraft:acacia_log":3,"minecraft:wooden_pickaxe":58,"minecraft:stone_axe":2,"minecraft:dirt":2,"minecraft:crafting_table":2,"minecraft:furnace":2,"epicfight:stone_spear":11},"minecraft:dropped":{"epicfight:stone_greatsword":1,"iceandfire:dragon_skull_lightning":1},"minecraft:picked_up":{"iceandfire:dragon_skull_lightning":2,"minecraft:crafting_table":2,"iceandfire:dragonbone":26,"minecraft:feather":11,"minecraft:chicken":7,"minecraft:acacia_log":10,"minecraft:dirt":3,"minecraft:mutton":1,"minecraft:coal":23,"minecraft:white_wool":1,"minecraft:cobblestone":45,"minecraft:furnace":1},"minecraft:mined":{"minecraft:furnace":1,"minecraft:crafting_table":2,"minecraft:grass":6,"minecraft:acacia_log":10,"minecraft:grass_block":1,"minecraft:coal_ore":18,"minecraft:dirt":2,"minecraft:stone":39,"minecraft:oak_leaves":2},"minecraft:custom":{"minecraft:time_since_rest":28774,"minecraft:interact_with_furnace":5,"minecraft:sprint_one_cm":55644,"minecraft:damage_taken":170,"minecraft:walk_one_cm":62711,"minecraft:mob_kills":9,"minecraft:drop":2,"minecraft:damage_dealt":400,"minecraft:interact_with_crafting_table":5,"minecraft:fly_one_cm":93746,"minecraft:play_time":28774,"minecraft:sneak_time":20,"minecraft:jump":284,"minecraft:leave_game":5,"minecraft:time_since_death":28774,"minecraft:total_world_time":28774,"minecraft:fall_one_cm":8102},"minecraft:killed":{"minecraft:sheep":1,"minecraft:chicken":8}},"DataVersion":3465}