{"stats":{"minecraft:broken":{"minecraft:iron_shovel":1,"minecraft:iron_boots":1,"minecraft:iron_leggings":1,"minecraft:diamond_boots":1,"minecraft:iron_sword":1,"minecraft:diamond_sword":1,"minecraft:iron_hoe":1,"minecraft:diamond_leggings":1,"simplyswords:gold_warglaive":1,"minecraft:iron_pickaxe":3,"minecraft:iron_helmet":1},"minecraft:killed":{"minecraft:cave_spider":40,"minecraft:spider":46,"minecraft:skeleton":16,"minecraft:chicken":8,"artifacts:mimic":1,"minecraft:pig":5,"alexsmobs:grizzly_bear":1,"minecraft:creeper":3,"minecraft:sheep":1,"minecraft:zombie":38,"minecraft:cow":5,"iceandfire:ghost":2,"minecraft:wither_skeleton":41},"minecraft:picked_up":{"minecraft:birch_door":3,"minecraft:iron_trapdoor":1,"minecraft:flower_pot":2,"minecraft:smithing_table":1,"minecraft:diamond_sword":6,"minecraft:oak_stairs":21,"minecraft:wither_rose":1,"minecraft:enchanted_book":2,"minecraft:brewing_stand":4,"minecraft:string":105,"minecraft:raw_copper":6,"create:limestone":2,"minecraft:oak_sign":12,"minecraft:deepslate_tiles":3,"minecraft:cobbled_deepslate":68,"minecraft:white_tulip":2,"minecraft:smooth_quartz":18,"minecraft:melon_slice":36,"minecraft:coal_block":24,"farmersdelight:cabbage_seeds":5,"minecraft:furnace":5,"spartanweaponry:wooden_heavy_crossbow":2,"minecraft:stick":9,"minecraft:jukebox":1,"minecraft:oak_fence":4,"minecraft:torch":11,"minecraft:acacia_log":10,"minecraft:spruce_stairs":1,"epicfight:skillbook":13,"minecraft:porkchop":10,"tombstone:grave_dust":11,"minecraft:deepslate_tile_stairs":1,"minecraft:rotten_flesh":53,"farmersdelight:onion":4,"create:veridium":1,"minecraft:cobblestone":254,"minecraft:sponge":1,"minecraft:birch_log":5,"minecraft:enchanting_table":2,"minecraft:feather":13,"minecraft:cooked_beef":8,"farmersdelight:rice":9,"minecraft:andesite":47,"minecraft:dark_oak_boat":1,"minecraft:smoker":2,"minecraft:potato":8,"minecraft:flint":4,"create:raw_zinc":19,"farmersdelight:tomato":7,"minecraft:wither_skeleton_skull":1,"minecraft:map":3,"minecraft:lapis_lazuli":31,"minecraft:dirt":532,"minecraft:lantern":3,"minecraft:bone":105,"minecraft:orange_tulip":6,"minecraft:bow":1,"minecraft:wheat_seeds":8,"minecraft:raw_gold":20,"minecraft:bell":1,"minecraft:glowstone_dust":135,"minecraft:bamboo":32,"miners_delight:gossypium":5,"minecraft:music_disc_13":1,"minecraft:oak_pressure_plate":4,"minecraft:barrel":1,"minecraft:dark_oak_log":26,"alexsmobs:animal_dictionary":1,"minecraft:dark_prismarine":10,"minecraft:bundle":5,"create:crimsite":8,"minecraft:sugar":8,"minecraft:diamond":13,"minecraft:crossbow":1,"minecraft:golden_apple":1,"minecraft:spruce_sign":1,"minecraft:bread":52,"minecraft:emerald":1,"minecraft:oak_sapling":2,"iceandfire:raw_silver":5,"iceandfire:dragon_skull_lightning":2,"minecraft:charcoal":6,"minecraft:crafting_table":2,"iceandfire:witherbone":39,"minecraft:chicken":8,"minecraft:brown_mushroom":1,"travelersbackpack:sandstone":2,"minecraft:iron_axe":1,"minecraft:large_fern":1,"miners_delight:cave_carrot":5,"minecraft:item_frame":3,"minecraft:cyan_carpet":14,"minecraft:candle":12,"spartanweaponry:iron_longbow":2,"minecraft:beef":13,"minecraft:poppy":2,"minecraft:sugar_cane":8,"minecraft:chest":9,"minecraft:birch_sapling":2,"minecraft:dark_oak_sapling":1,"minecraft:raw_iron":122,"iceandfire:dragonbone":26,"minecraft:spruce_fence":10,"minecraft:note_block":1,"minecraft:redstone":53,"minecraft:dark_oak_planks":33,"spartanweaponry:iron_halberd":1,"minecraft:arrow":32,"minecraft:hay_block":7,"minecraft:stripped_dark_oak_wood":11,"minecraft:yellow_terracotta":2,"minecraft:pink_tulip":2,"minecraft:saddle":1,"minecraft:mutton":1,"minecraft:skeleton_skull":1,"minecraft:white_wool":1,"minecraft:clock":1,"minecraft:dark_oak_button":1,"minecraft:leather":16,"minecraft:fern":1,"minecraft:filled_map":1,"iceandfire:ectoplasm":1,"minecraft:white_banner":2,"tombstone:gift":4,"minecraft:apple":20,"minecraft:cooked_chicken":1,"artifacts:steadfast_spikes":1,"minecraft:glass_bottle":3,"minecraft:gray_bed":2,"minecraft:iron_sword":1,"minecraft:dark_oak_stairs":1,"wom:agony":2,"minecraft:book":69,"minecraft:oak_slab":3,"spartanweaponry:iron_scythe":1,"minecraft:sweet_berries":23,"minecraft:spruce_sapling":4,"minecraft:spruce_log":6,"minecraft:spider_eye":28,"minecraft:leather_helmet":1,"simplyswords:diamond_greathammer":1,"minecraft:pumpkin_seeds":4,"minecraft:iron_helmet":3,"tombstone:magic_scroll":2,"minecraft:dark_oak_wood":1,"minecraft:coal":157},"minecraft:crafted":{"minecraft:dark_oak_boat":1,"minecraft:cooked_chicken":8,"spartanshields:wooden_tower_shield":3,"toms_storage:ts.item_filter":1,"minecraft:cooked_mutton":19,"spartanweaponry:bolt":4,"minecraft:diamond_leggings":1,"minecraft:iron_boots":1,"minecraft:chest":1,"minecraft:birch_door":6,"minecraft:emerald":5,"minecraft:arrow":4,"minecraft:cooked_porkchop":9,"minecraft:crafting_table":4,"minecraft:iron_helmet":2,"minecraft:wooden_pickaxe":1,"spartanshields:iron_tower_shield":1,"minecraft:copper_ingot":16,"farmersdelight:smoked_ham":1,"minecraft:birch_planks":20,"minecraft:iron_chestplate":1,"farmersdelight:barbecue_stick":1,"minecraft:stick":48,"minecraft:iron_pickaxe":2,"minecraft:iron_ingot":150,"minecraft:iron_block":3,"minecraft:stone_sword":1,"minecraft:gold_ingot":45,"minecraft:coal":9,"minecraft:iron_nugget":18,"minecraft:spyglass":3,"minecraft:furnace":2,"spartanshields:stone_tower_shield":1,"minecraft:diamond":9,"spartanweaponry:wooden_boomerang":1,"minecraft:iron_axe":1,"minecraft:iron_hoe":2,"minecraft:stone_pickaxe":1,"minecraft:diamond_boots":1,"minecraft:dark_oak_planks":68,"minecraft:cooked_beef":13,"epicfight:stone_spear":1,"epicfight:stone_greatsword":1,"minecraft:dark_oak_button":2,"minecraft:stone_axe":1,"minecraft:air":0,"minecraft:iron_shovel":3,"minecraft:iron_leggings":1,"minecraft:anvil":1,"minecraft:acacia_planks":28,"minecraft:torch":44},"minecraft:used":{"minecraft:iron_shovel":493,"farmersdelight:cabbage_seeds":10,"minecraft:chest":9,"minecraft:iron_sword":374,"simplyswords:gold_warglaive":32,"minecraft:iron_chestplate":1,"minecraft:music_disc_13":1,"wom:agony":450,"spartanshields:wooden_tower_shield":9,"wom:diamond_armbracelet":1,"minecraft:dark_oak_wood":1,"minecraft:dark_oak_button":3,"minecraft:item_frame":2,"minecraft:dark_oak_boat":1,"minecraft:sweet_berries":2,"minecraft:furnace":6,"minecraft:gray_bed":2,"minecraft:potato":45,"minecraft:dark_oak_stairs":1,"epicfight:skillbook":13,"minecraft:stone_pickaxe":21,"spartanweaponry:wooden_heavy_crossbow":6,"minecraft:wooden_pickaxe":58,"minecraft:golden_apple":1,"minecraft:yellow_terracotta":1,"spartanshields:stone_tower_shield":6,"minecraft:dark_oak_log":9,"minecraft:melon_slice":8,"minecraft:bread":124,"minecraft:cyan_carpet":6,"tombstone:grave_key":9,"spartanweaponry:wooden_boomerang":7,"minecraft:torchflower_seeds":6,"minecraft:diamond_sword":96,"minecraft:andesite":39,"minecraft:experience_bottle":59,"spartanweaponry:iron_scythe":16,"create:limestone":1,"minecraft:acacia_log":3,"minecraft:redstone":2,"minecraft:cooked_chicken":7,"minecraft:torch":39,"minecraft:brewing_stand":1,"minecraft:dirt":523,"minecraft:spyglass":20,"minecraft:anvil":1,"minecraft:spruce_stairs":1,"minecraft:cod_bucket":1,"spartanweaponry:iron_longbow":59,"minecraft:birch_door":3,"minecraft:iron_hoe":250,"minecraft:dark_oak_planks":6,"minecraft:iron_axe":98,"spartanweaponry:iron_rapier":50,"minecraft:iron_boots":1,"minecraft:golden_carrot":3,"minecraft:iron_trapdoor":1,"spartanweaponry:iron_battle_hammer":1,"tombstone:gift":7,"minecraft:cooked_beef":21,"farmersdelight:tomato_seeds":8,"minecraft:cobbled_deepslate":68,"minecraft:wheat_seeds":6,"minecraft:cooked_mutton":12,"minecraft:water_bucket":18,"spartanshields:iron_tower_shield":26,"farmersdelight:onion":6,"minecraft:crafting_table":4,"minecraft:smoker":2,"epicfight:stone_spear":36,"tombstone:bag_of_seeds":2,"minecraft:flower_pot":1,"minecraft:iron_pickaxe":744,"tombstone:magic_scroll":2,"minecraft:stone_axe":2,"miners_delight:cave_carrot":7,"minecraft:cobblestone":12,"minecraft:bucket":24},"minecraft:killed_by":{"minecraft:wither_skeleton":3,"minecraft:cave_spider":1,"minecraft:skeleton":1,"iceandfire:ghost":1,"mowziesmobs:umvuthana_raptor":1},"minecraft:mined":{"miners_delight:wild_cave_carrots":5,"create:deepslate_zinc_ore":12,"minecraft:brewing_stand":4,"minecraft:acacia_log":10,"minecraft:grass_block":281,"minecraft:oak_pressure_plate":2,"minecraft:coal_block":16,"minecraft:deepslate_tile_stairs":1,"minecraft:spawner":21,"minecraft:glowstone":52,"minecraft:barrel":1,"minecraft:iron_ore":112,"minecraft:cobbled_deepslate":4,"minecraft:stripped_dark_oak_wood":11,"minecraft:enchanting_table":2,"minecraft:dirt_path":1,"minecraft:oak_stairs":22,"create:veridium":1,"create:limestone":1,"minecraft:deepslate_redstone_ore":10,"minecraft:brown_mushroom":1,"minecraft:smoker":2,"minecraft:medium_amethyst_bud":1,"minecraft:deepslate_tile_slab":3,"miners_delight:cave_carrots":1,"minecraft:torch":1,"minecraft:melon":8,"minecraft:chest":9,"minecraft:cobblestone":1,"minecraft:sugar_cane":3,"minecraft:wall_torch":1,"minecraft:spruce_sign":1,"minecraft:birch_log":5,"minecraft:jukebox":1,"minecraft:birch_door":3,"minecraft:orange_tulip":2,"minecraft:wither_rose":1,"minecraft:grass":13,"biomesoplenty:clover":10,"minecraft:dirt":245,"minecraft:smooth_quartz":3,"create:crimsite":6,"minecraft:oak_leaves":3,"minecraft:deepslate":66,"minecraft:yellow_terracotta":2,"create:zinc_ore":7,"minecraft:deepslate_tiles":3,"farmersdelight:onions":1,"iceandfire:silver_ore":3,"minecraft:mossy_cobblestone":1,"minecraft:dark_oak_leaves":1,"minecraft:deepslate_diamond_ore":13,"minecraft:candle":4,"minecraft:dark_oak_log":24,"minecraft:spruce_fence":1,"minecraft:redstone_wire":3,"iceandfire:deepslate_silver_ore":1,"minecraft:spruce_leaves":1,"minecraft:hay_block":7,"minecraft:furnace":5,"minecraft:andesite":109,"minecraft:bell":1,"minecraft:bookshelf":23,"minecraft:deepslate_iron_ore":9,"minecraft:lantern":1,"minecraft:bamboo":3,"biomesoplenty:barley":2,"minecraft:white_tulip":2,"minecraft:stone":198,"minecraft:smithing_table":1,"minecraft:oak_slab":2,"minecraft:oak_fence":4,"minecraft:crafting_table":2,"minecraft:emerald_ore":1,"minecraft:tall_grass":1,"minecraft:copper_ore":2,"biomesoplenty:huge_clover_petal":2,"minecraft:lapis_ore":1,"minecraft:deepslate_gold_ore":16,"minecraft:gray_bed":2,"minecraft:birch_leaves":4,"minecraft:coal_ore":118,"minecraft:dark_oak_button":1,"minecraft:flower_pot":2,"minecraft:gold_ore":4,"minecraft:iron_trapdoor":1},"minecraft:custom":{"minecraft:interact_with_crafting_table":62,"minecraft:open_barrel":56,"minecraft:eat_cake_slice":5,"minecraft:leave_game":13,"minecraft:time_since_death":50248,"minecraft:sprint_one_cm":2757619,"minecraft:damage_blocked_by_shield":1536,"minecraft:drop":94,"minecraft:talked_to_villager":50,"minecraft:play_time":499114,"minecraft:deaths":10,"minecraft:jump":6896,"minecraft:interact_with_brewingstand":1,"minecraft:walk_on_water_one_cm":88503,"minecraft:enchant_item":6,"minecraft:interact_with_furnace":78,"minecraft:play_record":1,"minecraft:traded_with_villager":5,"minecraft:sleep_in_bed":11,"minecraft:damage_dealt":61799,"minecraft:player_kills":1,"minecraft:crouch_one_cm":146090,"tombstone:undead_killed":97,"minecraft:interact_with_smoker":33,"minecraft:interact_with_smithing_table":1,"minecraft:interact_with_anvil":3,"minecraft:mob_kills":214,"minecraft:damage_dealt_resisted":4885,"minecraft:climb_one_cm":40529,"minecraft:walk_one_cm":2495134,"minecraft:damage_dealt_absorbed":68,"minecraft:sneak_time":18101,"minecraft:walk_under_water_one_cm":37063,"minecraft:boat_one_cm":137980,"minecraft:interact_with_lectern":5,"minecraft:interact_with_blast_furnace":1,"minecraft:total_world_time":499114,"spartanshields:shield_bash_hits":1,"tombstone:raider_killed":2,"minecraft:tune_noteblock":11,"minecraft:time_since_rest":10085,"minecraft:damage_absorbed":40,"minecraft:damage_taken":13981,"minecraft:trigger_trapped_chest":3,"minecraft:swim_one_cm":197661,"minecraft:fly_one_cm":2060123,"minecraft:open_chest":650,"minecraft:fall_one_cm":157157},"minecraft:dropped":{"minecraft:iron_sword":3,"iceandfire:raw_silver":1,"minecraft:brown_mushroom":1,"minecraft:lapis_lazuli":18,"minecraft:cooked_porkchop":23,"minecraft:crossbow":1,"create:crimsite":8,"minecraft:item_frame":1,"minecraft:flint":2,"spartanshields:wooden_tower_shield":1,"minecraft:large_fern":1,"spartanweaponry:iron_katana":1,"minecraft:iron_pickaxe":1,"minecraft:cyan_carpet":6,"minecraft:bone":8,"farmersdelight:barbecue_stick":1,"wom:agony":1,"minecraft:spyglass":2,"minecraft:cooked_chicken":1,"alexsmobs:animal_dictionary":1,"minecraft:birch_sapling":1,"tombstone:gift":1,"minecraft:rotten_flesh":30,"minecraft:fern":1,"minecraft:poppy":2,"create:limestone":1,"simplyswords:diamond_greathammer":1,"minecraft:arrow":2,"spartanweaponry:iron_rapier":1,"minecraft:enchanted_book":2,"minecraft:bread":1,"minecraft:cobblestone":26,"minecraft:coal":12,"minecraft:coal_block":8,"minecraft:stick":6,"minecraft:diamond_horse_armor":1,"travelersbackpack:sandstone":2,"minecraft:torch":8,"spartanweaponry:wooden_heavy_crossbow":1,"epicfight:stone_greatsword":1,"minecraft:iron_axe":1,"minecraft:music_disc_cat":1,"minecraft:pink_tulip":2,"spartanweaponry:iron_scythe":1,"spartanweaponry:iron_halberd":1,"minecraft:experience_bottle":22,"iceandfire:witherbone":18,"minecraft:wither_skeleton_skull":1,"minecraft:filled_map":1,"minecraft:diamond_sword":1,"miners_delight:cave_carrot":1,"create:veridium":1,"minecraft:diamond_chestplate":1,"minecraft:bundle":1,"minecraft:iron_chestplate":2,"minecraft:andesite":8,"minecraft:oak_sapling":2,"minecraft:spider_eye":1,"minecraft:bow":1,"minecraft:dark_prismarine":2,"iceandfire:dragon_skull_lightning":1,"epicfight:skillbook":5}},"DataVersion":3465}