{"stats":{"minecraft:crafted":{"minecraft:cooked_chicken":7,"spartanshields:wooden_tower_shield":2,"minecraft:furnace":1,"spartanshields:stone_tower_shield":1,"minecraft:cooked_mutton":9,"minecraft:stone_pickaxe":1,"minecraft:dark_oak_planks":48,"minecraft:cooked_beef":2,"epicfight:stone_spear":1,"minecraft:emerald":5,"minecraft:crafting_table":2,"minecraft:wooden_pickaxe":1,"epicfight:stone_greatsword":1,"minecraft:dark_oak_button":2,"minecraft:stone_axe":1,"minecraft:air":0,"minecraft:stick":24,"minecraft:stone_sword":1,"minecraft:acacia_planks":28,"minecraft:torch":24},"minecraft:used":{"create:limestone":1,"minecraft:acacia_log":3,"minecraft:redstone":1,"minecraft:cooked_chicken":7,"minecraft:torch":9,"minecraft:brewing_stand":1,"minecraft:dirt":16,"minecraft:cod_bucket":1,"minecraft:dark_oak_planks":6,"spartanshields:wooden_tower_shield":6,"spartanweaponry:iron_rapier":43,"minecraft:dark_oak_button":3,"minecraft:iron_trapdoor":1,"minecraft:furnace":2,"minecraft:gray_bed":1,"tombstone:gift":3,"minecraft:cooked_mutton":9,"minecraft:water_bucket":1,"epicfight:skillbook":3,"minecraft:stone_pickaxe":21,"minecraft:wooden_pickaxe":58,"minecraft:crafting_table":2,"spartanshields:stone_tower_shield":6,"minecraft:smoker":1,"epicfight:stone_spear":36,"minecraft:dark_oak_log":9,"minecraft:bread":18,"minecraft:iron_pickaxe":181,"minecraft:stone_axe":2,"minecraft:cobblestone":6,"minecraft:bucket":7},"minecraft:dropped":{"minecraft:lapis_lazuli":9,"minecraft:cobblestone":1,"minecraft:flint":2,"epicfight:stone_greatsword":1,"minecraft:bone":2,"minecraft:cooked_chicken":1,"spartanweaponry:iron_halberd":1,"minecraft:rotten_flesh":22,"minecraft:filled_map":1,"minecraft:poppy":1,"miners_delight:cave_carrot":1,"minecraft:bundle":1,"minecraft:oak_sapling":2,"create:limestone":1,"simplyswords:diamond_greathammer":1,"iceandfire:dragon_skull_lightning":1},"minecraft:picked_up":{"iceandfire:dragon_skull_lightning":2,"minecraft:crafting_table":2,"minecraft:chicken":7,"minecraft:iron_trapdoor":1,"minecraft:smithing_table":1,"minecraft:enchanted_book":1,"minecraft:brewing_stand":2,"minecraft:string":2,"minecraft:raw_copper":4,"create:limestone":2,"minecraft:beef":7,"minecraft:poppy":2,"minecraft:furnace":2,"minecraft:raw_iron":69,"iceandfire:dragonbone":26,"minecraft:torch":1,"minecraft:acacia_log":10,"epicfight:skillbook":3,"minecraft:porkchop":1,"minecraft:redstone":2,"minecraft:dark_oak_planks":33,"spartanweaponry:iron_halberd":1,"minecraft:arrow":1,"minecraft:rotten_flesh":26,"minecraft:hay_block":7,"minecraft:mutton":1,"minecraft:white_wool":1,"minecraft:cobblestone":175,"minecraft:sponge":1,"minecraft:dark_oak_button":1,"minecraft:feather":11,"minecraft:cooked_beef":8,"minecraft:leather":12,"minecraft:smoker":2,"minecraft:potato":2,"minecraft:filled_map":1,"minecraft:flint":3,"minecraft:lapis_lazuli":18,"minecraft:dirt":25,"minecraft:white_banner":1,"tombstone:gift":1,"minecraft:bone":4,"minecraft:apple":20,"minecraft:wheat_seeds":2,"minecraft:bell":1,"minecraft:cooked_chicken":1,"minecraft:gray_bed":2,"minecraft:dark_oak_log":21,"minecraft:spider_eye":1,"minecraft:leather_helmet":1,"minecraft:bundle":2,"simplyswords:diamond_greathammer":1,"minecraft:pumpkin_seeds":4,"create:crimsite":4,"minecraft:iron_helmet":3,"minecraft:bread":22,"minecraft:oak_sapling":2,"minecraft:coal":43,"iceandfire:raw_silver":3},"minecraft:mined":{"iceandfire:silver_ore":3,"minecraft:dark_oak_leaves":1,"minecraft:dark_oak_log":21,"minecraft:brewing_stand":2,"minecraft:acacia_log":10,"minecraft:grass_block":5,"minecraft:redstone_wire":2,"minecraft:hay_block":7,"minecraft:furnace":2,"minecraft:iron_ore":67,"minecraft:bell":1,"biomesoplenty:barley":2,"minecraft:stone":136,"create:limestone":1,"minecraft:smithing_table":1,"minecraft:smoker":2,"minecraft:crafting_table":2,"minecraft:tall_grass":1,"minecraft:copper_ore":2,"minecraft:cobblestone":1,"minecraft:lapis_ore":1,"minecraft:wall_torch":1,"minecraft:gray_bed":2,"minecraft:grass":7,"minecraft:coal_ore":34,"minecraft:dark_oak_button":1,"minecraft:dirt":19,"create:crimsite":6,"minecraft:oak_leaves":2,"minecraft:iron_trapdoor":1},"minecraft:custom":{"minecraft:interact_with_anvil":1,"minecraft:mob_kills":29,"minecraft:interact_with_crafting_table":19,"minecraft:open_barrel":11,"minecraft:damage_dealt_resisted":4,"minecraft:eat_cake_slice":5,"minecraft:leave_game":7,"minecraft:time_since_death":68460,"minecraft:climb_one_cm":11079,"minecraft:sprint_one_cm":754777,"minecraft:walk_one_cm":488285,"minecraft:damage_blocked_by_shield":264,"minecraft:drop":18,"minecraft:talked_to_villager":24,"minecraft:play_time":128832,"minecraft:deaths":3,"minecraft:sneak_time":2829,"minecraft:walk_under_water_one_cm":5023,"minecraft:boat_one_cm":111033,"minecraft:jump":1988,"minecraft:interact_with_blast_furnace":1,"minecraft:walk_on_water_one_cm":3856,"minecraft:total_world_time":128832,"minecraft:interact_with_furnace":11,"minecraft:traded_with_villager":5,"minecraft:tune_noteblock":7,"minecraft:sleep_in_bed":3,"minecraft:time_since_rest":4113,"minecraft:damage_taken":2100,"minecraft:trigger_trapped_chest":2,"minecraft:damage_dealt":4296,"minecraft:swim_one_cm":49541,"minecraft:fly_one_cm":696897,"minecraft:open_chest":57,"minecraft:crouch_one_cm":16139,"tombstone:undead_killed":16,"minecraft:interact_with_smoker":8,"minecraft:fall_one_cm":45723},"minecraft:killed":{"minecraft:spider":2,"minecraft:chicken":8,"minecraft:pig":1,"minecraft:sheep":1,"minecraft:zombie":16,"minecraft:cow":1},"minecraft:killed_by":{"minecraft:skeleton":1,"iceandfire:ghost":1,"mowziesmobs:umvuthana_raptor":1}},"DataVersion":3465}