{"stats":{"minecraft:used":{"create:limestone":1,"minecraft:acacia_log":3,"minecraft:iron_shovel":493,"minecraft:redstone":2,"farmersdelight:cabbage_seeds":10,"minecraft:chest":9,"minecraft:iron_sword":104,"minecraft:cooked_chicken":7,"minecraft:torch":9,"minecraft:brewing_stand":1,"minecraft:dirt":523,"minecraft:cod_bucket":1,"spartanweaponry:iron_longbow":5,"minecraft:birch_door":2,"minecraft:iron_hoe":250,"minecraft:dark_oak_planks":6,"spartanshields:wooden_tower_shield":9,"minecraft:iron_axe":67,"spartanweaponry:iron_rapier":50,"minecraft:dark_oak_button":3,"minecraft:item_frame":2,"minecraft:dark_oak_boat":1,"minecraft:sweet_berries":2,"minecraft:iron_trapdoor":1,"minecraft:furnace":6,"minecraft:gray_bed":2,"tombstone:gift":5,"minecraft:potato":45,"minecraft:cooked_beef":6,"farmersdelight:tomato_seeds":5,"minecraft:wheat_seeds":6,"minecraft:cooked_mutton":9,"epicfight:skillbook":5,"minecraft:water_bucket":18,"minecraft:stone_pickaxe":21,"minecraft:wooden_pickaxe":58,"spartanshields:iron_tower_shield":3,"farmersdelight:onion":5,"minecraft:crafting_table":4,"spartanshields:stone_tower_shield":6,"minecraft:smoker":2,"epicfight:stone_spear":36,"minecraft:flower_pot":1,"minecraft:dark_oak_log":9,"minecraft:bread":61,"minecraft:iron_pickaxe":313,"spartanweaponry:wooden_boomerang":2,"minecraft:stone_axe":2,"miners_delight:cave_carrot":7,"minecraft:cobblestone":9,"minecraft:andesite":1,"minecraft:bucket":24,"spartanweaponry:iron_scythe":5},"minecraft:broken":{"minecraft:iron_shovel":1,"minecraft:iron_pickaxe":1,"minecraft:iron_hoe":1},"minecraft:dropped":{"minecraft:bread":1,"minecraft:iron_sword":1,"minecraft:brown_mushroom":1,"minecraft:lapis_lazuli":18,"minecraft:crossbow":1,"minecraft:cobblestone":1,"create:crimsite":8,"minecraft:item_frame":1,"minecraft:stick":4,"minecraft:flint":2,"minecraft:torch":8,"spartanshields:wooden_tower_shield":1,"minecraft:large_fern":1,"spartanweaponry:wooden_heavy_crossbow":1,"epicfight:stone_greatsword":1,"minecraft:iron_axe":1,"minecraft:bone":4,"minecraft:pink_tulip":2,"minecraft:cooked_chicken":1,"alexsmobs:animal_dictionary":1,"spartanweaponry:iron_halberd":1,"tombstone:gift":1,"minecraft:birch_sapling":1,"minecraft:rotten_flesh":30,"minecraft:fern":1,"minecraft:filled_map":1,"minecraft:poppy":2,"miners_delight:cave_carrot":1,"minecraft:bundle":1,"create:limestone":1,"minecraft:oak_sapling":2,"simplyswords:diamond_greathammer":1,"minecraft:arrow":2,"spartanweaponry:iron_rapier":1,"iceandfire:dragon_skull_lightning":1},"minecraft:crafted":{"minecraft:dark_oak_boat":1,"minecraft:cooked_chicken":7,"spartanshields:wooden_tower_shield":3,"minecraft:furnace":2,"spartanshields:stone_tower_shield":1,"minecraft:cooked_mutton":9,"spartanweaponry:wooden_boomerang":1,"minecraft:iron_axe":1,"minecraft:iron_hoe":2,"minecraft:stone_pickaxe":1,"minecraft:chest":1,"minecraft:birch_door":6,"minecraft:dark_oak_planks":60,"minecraft:cooked_beef":13,"epicfight:stone_spear":1,"minecraft:arrow":4,"minecraft:emerald":5,"minecraft:crafting_table":4,"spartanshields:iron_tower_shield":1,"minecraft:iron_helmet":1,"minecraft:wooden_pickaxe":1,"farmersdelight:smoked_ham":1,"epicfight:stone_greatsword":1,"minecraft:dark_oak_button":2,"minecraft:birch_planks":20,"minecraft:stone_axe":1,"minecraft:air":0,"minecraft:stick":40,"minecraft:iron_pickaxe":2,"minecraft:iron_ingot":77,"minecraft:stone_sword":1,"minecraft:iron_shovel":3,"minecraft:acacia_planks":28,"minecraft:torch":40},"minecraft:mined":{"iceandfire:silver_ore":3,"minecraft:mossy_cobblestone":1,"minecraft:dark_oak_leaves":1,"minecraft:candle":1,"minecraft:dark_oak_log":24,"minecraft:brewing_stand":4,"minecraft:acacia_log":10,"minecraft:grass_block":281,"minecraft:redstone_wire":3,"minecraft:oak_pressure_plate":2,"minecraft:spruce_leaves":1,"minecraft:hay_block":7,"minecraft:furnace":5,"minecraft:iron_ore":76,"minecraft:andesite":1,"minecraft:stripped_dark_oak_wood":6,"minecraft:bell":1,"minecraft:bookshelf":23,"minecraft:dirt_path":1,"minecraft:oak_stairs":13,"minecraft:lantern":1,"biomesoplenty:barley":2,"minecraft:bamboo":3,"minecraft:white_tulip":2,"minecraft:stone":162,"create:limestone":1,"minecraft:smithing_table":1,"minecraft:oak_slab":1,"minecraft:brown_mushroom":1,"minecraft:smoker":2,"minecraft:medium_amethyst_bud":1,"minecraft:oak_fence":3,"minecraft:crafting_table":2,"miners_delight:cave_carrots":1,"minecraft:emerald_ore":1,"minecraft:chest":8,"minecraft:copper_ore":2,"minecraft:tall_grass":1,"minecraft:cobblestone":1,"biomesoplenty:huge_clover_petal":2,"minecraft:lapis_ore":1,"minecraft:sugar_cane":3,"minecraft:wall_torch":1,"minecraft:birch_log":5,"minecraft:gray_bed":2,"minecraft:jukebox":1,"minecraft:wither_rose":1,"minecraft:birch_door":2,"minecraft:orange_tulip":2,"minecraft:grass":13,"biomesoplenty:clover":10,"minecraft:coal_ore":118,"minecraft:dark_oak_button":1,"minecraft:flower_pot":1,"minecraft:dirt":244,"create:crimsite":6,"minecraft:oak_leaves":3,"minecraft:iron_trapdoor":1},"minecraft:custom":{"minecraft:interact_with_anvil":1,"minecraft:mob_kills":61,"minecraft:interact_with_crafting_table":45,"minecraft:open_barrel":20,"minecraft:damage_dealt_resisted":4,"minecraft:eat_cake_slice":5,"minecraft:leave_game":11,"minecraft:time_since_death":169822,"minecraft:climb_one_cm":30917,"minecraft:sprint_one_cm":1738554,"minecraft:walk_one_cm":1440641,"minecraft:damage_blocked_by_shield":519,"minecraft:drop":45,"minecraft:talked_to_villager":41,"minecraft:play_time":304036,"minecraft:deaths":5,"minecraft:sneak_time":13492,"minecraft:walk_under_water_one_cm":23313,"minecraft:boat_one_cm":137980,"minecraft:interact_with_lectern":5,"minecraft:interact_with_brewingstand":1,"minecraft:jump":4443,"minecraft:interact_with_blast_furnace":1,"minecraft:walk_on_water_one_cm":41521,"minecraft:total_world_time":304036,"minecraft:interact_with_furnace":46,"minecraft:traded_with_villager":5,"minecraft:tune_noteblock":7,"minecraft:sleep_in_bed":9,"minecraft:time_since_rest":79828,"minecraft:damage_taken":4561,"minecraft:trigger_trapped_chest":3,"minecraft:damage_dealt":9847,"minecraft:swim_one_cm":113502,"minecraft:fly_one_cm":1414823,"minecraft:open_chest":280,"minecraft:crouch_one_cm":117756,"tombstone:undead_killed":39,"minecraft:interact_with_smoker":23,"minecraft:fall_one_cm":103879},"minecraft:killed":{"minecraft:spider":3,"minecraft:skeleton":9,"minecraft:chicken":8,"minecraft:pig":5,"minecraft:sheep":1,"minecraft:zombie":28,"iceandfire:ghost":2,"minecraft:cow":5},"minecraft:killed_by":{"minecraft:skeleton":1,"iceandfire:ghost":1,"mowziesmobs:umvuthana_raptor":1},"minecraft:picked_up":{"iceandfire:dragon_skull_lightning":2,"minecraft:birch_door":2,"minecraft:charcoal":6,"minecraft:crafting_table":2,"minecraft:chicken":7,"minecraft:iron_trapdoor":1,"minecraft:flower_pot":1,"minecraft:brown_mushroom":1,"minecraft:smithing_table":1,"minecraft:oak_stairs":13,"minecraft:wither_rose":1,"minecraft:enchanted_book":2,"minecraft:brewing_stand":4,"minecraft:string":5,"create:limestone":2,"minecraft:raw_copper":4,"minecraft:iron_axe":1,"minecraft:large_fern":1,"miners_delight:cave_carrot":1,"minecraft:item_frame":3,"minecraft:oak_sign":6,"minecraft:candle":3,"spartanweaponry:iron_longbow":2,"minecraft:beef":13,"minecraft:white_tulip":2,"minecraft:poppy":2,"minecraft:sugar_cane":8,"minecraft:chest":8,"minecraft:birch_sapling":2,"farmersdelight:cabbage_seeds":5,"minecraft:furnace":5,"minecraft:dark_oak_sapling":1,"spartanweaponry:wooden_heavy_crossbow":2,"minecraft:stick":9,"minecraft:raw_iron":77,"iceandfire:dragonbone":26,"minecraft:jukebox":1,"minecraft:oak_fence":3,"minecraft:torch":9,"minecraft:acacia_log":10,"epicfight:skillbook":5,"minecraft:porkchop":10,"minecraft:redstone":10,"minecraft:dark_oak_planks":33,"spartanweaponry:iron_halberd":1,"minecraft:arrow":15,"minecraft:rotten_flesh":44,"minecraft:hay_block":7,"minecraft:stripped_dark_oak_wood":6,"minecraft:pink_tulip":2,"minecraft:saddle":1,"minecraft:mutton":1,"minecraft:white_wool":1,"minecraft:cobblestone":201,"minecraft:birch_log":5,"minecraft:sponge":1,"minecraft:feather":13,"minecraft:dark_oak_button":1,"minecraft:clock":1,"minecraft:cooked_beef":8,"farmersdelight:rice":9,"minecraft:andesite":1,"minecraft:fern":1,"minecraft:leather":16,"minecraft:dark_oak_boat":1,"minecraft:smoker":2,"minecraft:potato":8,"minecraft:filled_map":1,"minecraft:flint":4,"iceandfire:ectoplasm":1,"minecraft:map":3,"minecraft:lapis_lazuli":31,"minecraft:dirt":532,"tombstone:gift":3,"minecraft:lantern":2,"minecraft:white_banner":2,"minecraft:bone":14,"minecraft:apple":20,"minecraft:orange_tulip":6,"minecraft:wheat_seeds":8,"minecraft:bell":1,"minecraft:cooked_chicken":1,"minecraft:bamboo":32,"minecraft:gray_bed":2,"minecraft:iron_sword":1,"minecraft:book":69,"minecraft:oak_slab":2,"minecraft:sweet_berries":17,"minecraft:oak_pressure_plate":3,"minecraft:spruce_log":6,"minecraft:dark_oak_log":24,"minecraft:spider_eye":1,"alexsmobs:animal_dictionary":1,"minecraft:leather_helmet":1,"minecraft:bundle":3,"simplyswords:diamond_greathammer":1,"minecraft:pumpkin_seeds":4,"create:crimsite":8,"minecraft:iron_helmet":3,"minecraft:crossbow":1,"minecraft:emerald":1,"minecraft:bread":52,"minecraft:oak_sapling":2,"minecraft:coal":127,"iceandfire:raw_silver":3}},"DataVersion":3465}