{"stats":{"minecraft:used":{"minecraft:dirt":2,"minecraft:acacia_log":3},"minecraft:picked_up":{"minecraft:acacia_log":10,"minecraft:mutton":1,"minecraft:white_wool":1,"minecraft:dirt":2},"minecraft:mined":{"minecraft:grass":4,"minecraft:acacia_log":10,"minecraft:grass_block":1,"minecraft:dirt":1},"minecraft:custom":{"minecraft:time_since_rest":11212,"minecraft:play_time":11212,"minecraft:sprint_one_cm":21315,"minecraft:damage_taken":60,"minecraft:walk_one_cm":16485,"minecraft:sneak_time":20,"minecraft:mob_kills":1,"minecraft:jump":119,"minecraft:damage_dealt":80,"minecraft:leave_game":2,"minecraft:time_since_death":11212,"minecraft:total_world_time":11212,"minecraft:fall_one_cm":2595,"minecraft:fly_one_cm":39539},"minecraft:killed":{"minecraft:sheep":1}},"DataVersion":3465}