{"stats":{"minecraft:used":{"create:limestone":1,"minecraft:acacia_log":3,"minecraft:iron_shovel":187,"minecraft:redstone":2,"minecraft:chest":9,"minecraft:iron_sword":16,"minecraft:cooked_chicken":7,"minecraft:torch":9,"minecraft:brewing_stand":1,"minecraft:dirt":16,"minecraft:cod_bucket":1,"minecraft:iron_hoe":1,"minecraft:dark_oak_planks":6,"spartanshields:wooden_tower_shield":9,"minecraft:iron_axe":60,"spartanweaponry:iron_rapier":50,"minecraft:dark_oak_button":3,"minecraft:dark_oak_boat":1,"minecraft:sweet_berries":2,"minecraft:iron_trapdoor":1,"minecraft:furnace":6,"minecraft:gray_bed":2,"tombstone:gift":5,"minecraft:cooked_beef":4,"minecraft:cooked_mutton":9,"epicfight:skillbook":3,"minecraft:water_bucket":16,"minecraft:stone_pickaxe":21,"minecraft:wooden_pickaxe":58,"minecraft:crafting_table":4,"spartanshields:stone_tower_shield":6,"minecraft:smoker":2,"epicfight:stone_spear":36,"minecraft:flower_pot":1,"minecraft:dark_oak_log":9,"minecraft:bread":41,"minecraft:iron_pickaxe":251,"minecraft:stone_axe":2,"miners_delight:cave_carrot":3,"minecraft:cobblestone":6,"minecraft:bucket":23},"minecraft:broken":{"minecraft:iron_pickaxe":1},"minecraft:dropped":{"minecraft:bread":1,"minecraft:brown_mushroom":1,"minecraft:lapis_lazuli":18,"minecraft:crossbow":1,"minecraft:cobblestone":1,"create:crimsite":8,"minecraft:item_frame":1,"minecraft:stick":4,"minecraft:flint":2,"minecraft:torch":8,"minecraft:large_fern":1,"spartanweaponry:wooden_heavy_crossbow":1,"epicfight:stone_greatsword":1,"minecraft:iron_axe":1,"minecraft:bone":4,"minecraft:pink_tulip":2,"minecraft:cooked_chicken":1,"alexsmobs:animal_dictionary":1,"spartanweaponry:iron_halberd":1,"tombstone:gift":1,"minecraft:birch_sapling":1,"minecraft:rotten_flesh":30,"minecraft:fern":1,"minecraft:filled_map":1,"minecraft:poppy":2,"miners_delight:cave_carrot":1,"minecraft:bundle":1,"create:limestone":1,"minecraft:oak_sapling":2,"simplyswords:diamond_greathammer":1,"minecraft:arrow":2,"spartanweaponry:iron_rapier":1,"iceandfire:dragon_skull_lightning":1},"minecraft:crafted":{"minecraft:dark_oak_boat":1,"minecraft:cooked_chicken":7,"spartanshields:wooden_tower_shield":2,"minecraft:furnace":2,"spartanshields:stone_tower_shield":1,"minecraft:cooked_mutton":9,"minecraft:iron_axe":1,"minecraft:iron_hoe":1,"minecraft:stone_pickaxe":1,"minecraft:chest":1,"minecraft:dark_oak_planks":60,"minecraft:cooked_beef":13,"epicfight:stone_spear":1,"minecraft:emerald":5,"minecraft:crafting_table":4,"minecraft:wooden_pickaxe":1,"farmersdelight:smoked_ham":1,"epicfight:stone_greatsword":1,"minecraft:dark_oak_button":2,"minecraft:stone_axe":1,"minecraft:air":0,"minecraft:stick":32,"minecraft:iron_ingot":77,"minecraft:stone_sword":1,"minecraft:iron_shovel":1,"minecraft:acacia_planks":28,"minecraft:torch":24},"minecraft:mined":{"iceandfire:silver_ore":3,"minecraft:dark_oak_leaves":1,"minecraft:candle":1,"minecraft:dark_oak_log":24,"minecraft:brewing_stand":4,"minecraft:acacia_log":10,"minecraft:grass_block":121,"minecraft:redstone_wire":3,"minecraft:oak_pressure_plate":2,"minecraft:spruce_leaves":1,"minecraft:hay_block":7,"minecraft:furnace":5,"minecraft:iron_ore":76,"minecraft:stripped_dark_oak_wood":6,"minecraft:bell":1,"minecraft:bookshelf":23,"minecraft:oak_stairs":13,"minecraft:lantern":1,"biomesoplenty:barley":2,"minecraft:bamboo":3,"minecraft:stone":138,"create:limestone":1,"minecraft:smithing_table":1,"minecraft:oak_slab":1,"minecraft:brown_mushroom":1,"minecraft:smoker":2,"minecraft:medium_amethyst_bud":1,"minecraft:oak_fence":3,"minecraft:crafting_table":2,"miners_delight:cave_carrots":1,"minecraft:chest":8,"minecraft:tall_grass":1,"minecraft:copper_ore":2,"minecraft:cobblestone":1,"minecraft:lapis_ore":1,"minecraft:wall_torch":1,"minecraft:gray_bed":2,"minecraft:jukebox":1,"minecraft:grass":7,"biomesoplenty:clover":4,"minecraft:coal_ore":84,"minecraft:dark_oak_button":1,"minecraft:flower_pot":1,"minecraft:dirt":87,"create:crimsite":6,"minecraft:oak_leaves":3,"minecraft:iron_trapdoor":1},"minecraft:custom":{"minecraft:interact_with_anvil":1,"minecraft:mob_kills":36,"minecraft:interact_with_crafting_table":30,"minecraft:open_barrel":19,"minecraft:damage_dealt_resisted":4,"minecraft:eat_cake_slice":5,"minecraft:leave_game":11,"minecraft:time_since_death":86973,"minecraft:climb_one_cm":28487,"minecraft:sprint_one_cm":1350574,"minecraft:walk_one_cm":947459,"minecraft:damage_blocked_by_shield":449,"minecraft:drop":43,"minecraft:talked_to_villager":32,"minecraft:play_time":221187,"minecraft:deaths":5,"minecraft:sneak_time":5073,"minecraft:walk_under_water_one_cm":17369,"minecraft:boat_one_cm":137980,"minecraft:interact_with_lectern":5,"minecraft:interact_with_brewingstand":1,"minecraft:jump":3366,"minecraft:interact_with_blast_furnace":1,"minecraft:walk_on_water_one_cm":19355,"minecraft:total_world_time":221187,"minecraft:interact_with_furnace":33,"minecraft:traded_with_villager":5,"minecraft:tune_noteblock":7,"minecraft:sleep_in_bed":8,"minecraft:time_since_rest":26110,"minecraft:damage_taken":3598,"minecraft:trigger_trapped_chest":2,"minecraft:damage_dealt":5536,"minecraft:swim_one_cm":92426,"minecraft:fly_one_cm":1136605,"minecraft:open_chest":183,"minecraft:crouch_one_cm":40201,"tombstone:undead_killed":19,"minecraft:interact_with_smoker":21,"minecraft:fall_one_cm":83779},"minecraft:killed":{"minecraft:spider":2,"minecraft:chicken":8,"minecraft:pig":1,"minecraft:sheep":1,"minecraft:zombie":19,"minecraft:cow":5},"minecraft:killed_by":{"minecraft:skeleton":1,"iceandfire:ghost":1,"mowziesmobs:umvuthana_raptor":1},"minecraft:picked_up":{"iceandfire:dragon_skull_lightning":2,"minecraft:charcoal":6,"minecraft:crafting_table":2,"minecraft:chicken":7,"minecraft:iron_trapdoor":1,"minecraft:flower_pot":1,"minecraft:brown_mushroom":1,"minecraft:smithing_table":1,"minecraft:oak_stairs":13,"minecraft:enchanted_book":2,"minecraft:brewing_stand":4,"minecraft:string":2,"create:limestone":2,"minecraft:raw_copper":4,"minecraft:iron_axe":1,"minecraft:large_fern":1,"miners_delight:cave_carrot":1,"minecraft:item_frame":1,"minecraft:oak_sign":6,"minecraft:candle":3,"spartanweaponry:iron_longbow":1,"minecraft:beef":13,"minecraft:poppy":2,"minecraft:chest":8,"minecraft:birch_sapling":1,"farmersdelight:cabbage_seeds":5,"minecraft:furnace":5,"spartanweaponry:wooden_heavy_crossbow":2,"minecraft:stick":8,"minecraft:raw_iron":77,"iceandfire:dragonbone":26,"minecraft:jukebox":1,"minecraft:oak_fence":3,"minecraft:torch":9,"minecraft:acacia_log":10,"epicfight:skillbook":3,"minecraft:porkchop":1,"minecraft:redstone":10,"minecraft:dark_oak_planks":33,"spartanweaponry:iron_halberd":1,"minecraft:arrow":2,"minecraft:rotten_flesh":38,"minecraft:hay_block":7,"minecraft:stripped_dark_oak_wood":6,"minecraft:pink_tulip":2,"minecraft:saddle":1,"minecraft:mutton":1,"minecraft:white_wool":1,"minecraft:cobblestone":177,"minecraft:sponge":1,"minecraft:feather":13,"minecraft:dark_oak_button":1,"minecraft:clock":1,"minecraft:cooked_beef":8,"farmersdelight:rice":9,"minecraft:fern":1,"minecraft:leather":16,"minecraft:dark_oak_boat":1,"minecraft:smoker":2,"minecraft:potato":8,"minecraft:filled_map":1,"minecraft:flint":4,"minecraft:map":3,"minecraft:lapis_lazuli":31,"minecraft:dirt":222,"tombstone:gift":3,"minecraft:lantern":2,"minecraft:white_banner":2,"minecraft:bone":4,"minecraft:apple":20,"minecraft:wheat_seeds":7,"minecraft:bell":1,"minecraft:cooked_chicken":1,"minecraft:bamboo":32,"minecraft:gray_bed":2,"minecraft:book":69,"minecraft:oak_slab":2,"minecraft:sweet_berries":17,"minecraft:oak_pressure_plate":3,"minecraft:spruce_log":6,"minecraft:dark_oak_log":24,"minecraft:spider_eye":1,"alexsmobs:animal_dictionary":1,"minecraft:leather_helmet":1,"minecraft:bundle":2,"simplyswords:diamond_greathammer":1,"minecraft:pumpkin_seeds":4,"create:crimsite":8,"minecraft:iron_helmet":3,"minecraft:crossbow":1,"minecraft:bread":52,"minecraft:oak_sapling":2,"minecraft:coal":93,"iceandfire:raw_silver":3}},"DataVersion":3465}