{"stats":{"minecraft:crafted":{"epicfight:stone_spear":1,"minecraft:crafting_table":1,"minecraft:stick":12,"spartanshields:wooden_tower_shield":1,"minecraft:wooden_pickaxe":1,"minecraft:cooked_chicken":7,"minecraft:stone_pickaxe":1,"minecraft:stone_sword":1,"minecraft:furnace":1,"minecraft:acacia_planks":28,"epicfight:stone_greatsword":1,"minecraft:torch":8,"minecraft:stone_axe":1,"spartanshields:stone_tower_shield":1,"minecraft:cooked_mutton":1,"minecraft:air":0},"minecraft:used":{"minecraft:cooked_mutton":1,"minecraft:acacia_log":3,"minecraft:dark_oak_log":5,"minecraft:stone_pickaxe":21,"minecraft:wooden_pickaxe":58,"minecraft:cooked_chicken":7,"minecraft:stone_axe":2,"minecraft:dirt":16,"minecraft:crafting_table":2,"minecraft:furnace":2,"tombstone:gift":1,"spartanshields:stone_tower_shield":6,"epicfight:stone_spear":36},"minecraft:dropped":{"minecraft:cooked_chicken":1,"epicfight:stone_greatsword":1,"iceandfire:dragon_skull_lightning":1},"minecraft:picked_up":{"iceandfire:dragon_skull_lightning":2,"minecraft:crafting_table":2,"iceandfire:dragonbone":26,"minecraft:feather":11,"minecraft:chicken":7,"minecraft:acacia_log":10,"minecraft:porkchop":1,"minecraft:dark_oak_log":9,"minecraft:string":1,"minecraft:spider_eye":1,"minecraft:dirt":24,"minecraft:rotten_flesh":2,"minecraft:cooked_chicken":1,"minecraft:mutton":1,"minecraft:coal":39,"minecraft:white_wool":1,"minecraft:cobblestone":49,"minecraft:furnace":2},"minecraft:mined":{"minecraft:furnace":2,"minecraft:dark_oak_leaves":1,"minecraft:dark_oak_log":9,"minecraft:crafting_table":2,"minecraft:grass":7,"minecraft:acacia_log":10,"minecraft:grass_block":5,"minecraft:coal_ore":34,"minecraft:dirt":19,"minecraft:tall_grass":1,"minecraft:stone":43,"minecraft:oak_leaves":2},"minecraft:custom":{"minecraft:time_since_rest":905,"minecraft:interact_with_furnace":10,"minecraft:sprint_one_cm":193530,"minecraft:damage_taken":1040,"minecraft:walk_one_cm":131165,"minecraft:damage_blocked_by_shield":150,"minecraft:trigger_trapped_chest":2,"minecraft:mob_kills":14,"minecraft:drop":3,"minecraft:damage_dealt":1494,"minecraft:swim_one_cm":17752,"minecraft:interact_with_crafting_table":5,"minecraft:fly_one_cm":300657,"minecraft:crouch_one_cm":6337,"minecraft:deaths":3,"minecraft:play_time":62832,"tombstone:undead_killed":2,"minecraft:sneak_time":1108,"minecraft:walk_under_water_one_cm":1767,"minecraft:damage_dealt_resisted":4,"minecraft:jump":829,"minecraft:leave_game":7,"minecraft:time_since_death":2460,"minecraft:walk_on_water_one_cm":303,"minecraft:total_world_time":62832,"minecraft:fall_one_cm":14521},"minecraft:killed":{"minecraft:sheep":1,"minecraft:zombie":2,"minecraft:pig":1,"minecraft:chicken":8,"minecraft:spider":2},"minecraft:killed_by":{"iceandfire:ghost":1,"mowziesmobs:umvuthana_raptor":1,"minecraft:skeleton":1}},"DataVersion":3465}