{"stats":{"minecraft:crafted":{"epicfight:stone_spear":1,"minecraft:crafting_table":1,"minecraft:stick":12,"minecraft:cooked_chicken":7,"minecraft:stone_pickaxe":1,"minecraft:wooden_pickaxe":1,"spartanshields:wooden_tower_shield":1,"minecraft:stone_sword":1,"minecraft:furnace":1,"minecraft:acacia_planks":28,"epicfight:stone_greatsword":1,"minecraft:torch":8,"minecraft:stone_axe":1,"spartanshields:stone_tower_shield":1,"minecraft:air":0,"minecraft:cooked_mutton":1},"minecraft:used":{"minecraft:cooked_mutton":1,"minecraft:acacia_log":3,"minecraft:stone_pickaxe":21,"minecraft:wooden_pickaxe":58,"minecraft:cooked_chicken":3,"minecraft:stone_axe":2,"minecraft:dirt":16,"minecraft:crafting_table":2,"minecraft:furnace":2,"epicfight:stone_spear":14},"minecraft:dropped":{"epicfight:stone_greatsword":1,"iceandfire:dragon_skull_lightning":1},"minecraft:picked_up":{"iceandfire:dragon_skull_lightning":2,"minecraft:crafting_table":2,"iceandfire:dragonbone":26,"minecraft:feather":11,"minecraft:chicken":7,"minecraft:acacia_log":10,"minecraft:porkchop":1,"minecraft:dirt":24,"minecraft:mutton":1,"minecraft:coal":39,"minecraft:white_wool":1,"minecraft:cobblestone":49,"minecraft:furnace":2},"minecraft:mined":{"minecraft:furnace":2,"minecraft:crafting_table":2,"minecraft:grass":7,"minecraft:acacia_log":10,"minecraft:grass_block":5,"minecraft:coal_ore":34,"minecraft:dirt":19,"minecraft:stone":43,"minecraft:oak_leaves":2},"minecraft:custom":{"minecraft:time_since_rest":42460,"minecraft:interact_with_furnace":10,"minecraft:sprint_one_cm":77003,"minecraft:damage_taken":190,"minecraft:walk_one_cm":81195,"minecraft:mob_kills":10,"minecraft:drop":2,"minecraft:damage_dealt":500,"minecraft:interact_with_crafting_table":5,"minecraft:fly_one_cm":111105,"minecraft:crouch_one_cm":6337,"minecraft:play_time":42460,"minecraft:sneak_time":1108,"minecraft:jump":345,"minecraft:leave_game":6,"minecraft:time_since_death":42460,"minecraft:total_world_time":42460,"minecraft:fall_one_cm":10447},"minecraft:killed":{"minecraft:sheep":1,"minecraft:pig":1,"minecraft:chicken":8}},"DataVersion":3465}