{"stats":{"minecraft:broken":{"minecraft:iron_shovel":1,"minecraft:iron_boots":1,"minecraft:iron_leggings":1,"minecraft:iron_sword":1,"minecraft:iron_hoe":1,"minecraft:iron_pickaxe":3,"minecraft:iron_helmet":1},"minecraft:killed":{"minecraft:cave_spider":11,"minecraft:spider":25,"minecraft:skeleton":15,"minecraft:chicken":8,"artifacts:mimic":1,"minecraft:pig":5,"alexsmobs:grizzly_bear":1,"minecraft:creeper":1,"minecraft:sheep":1,"minecraft:zombie":34,"minecraft:cow":5,"iceandfire:ghost":2,"minecraft:wither_skeleton":5},"minecraft:picked_up":{"minecraft:birch_door":3,"minecraft:iron_trapdoor":1,"minecraft:flower_pot":1,"minecraft:smithing_table":1,"minecraft:oak_stairs":13,"minecraft:wither_rose":1,"minecraft:enchanted_book":2,"minecraft:brewing_stand":4,"minecraft:string":43,"minecraft:raw_copper":6,"create:limestone":2,"minecraft:oak_sign":6,"minecraft:deepslate_tiles":3,"minecraft:cobbled_deepslate":68,"minecraft:white_tulip":2,"minecraft:smooth_quartz":6,"farmersdelight:cabbage_seeds":5,"minecraft:furnace":5,"spartanweaponry:wooden_heavy_crossbow":2,"minecraft:stick":9,"minecraft:jukebox":1,"minecraft:oak_fence":3,"minecraft:torch":10,"minecraft:acacia_log":10,"epicfight:skillbook":7,"minecraft:porkchop":10,"tombstone:grave_dust":2,"minecraft:deepslate_tile_stairs":1,"minecraft:rotten_flesh":51,"create:veridium":1,"minecraft:cobblestone":224,"minecraft:sponge":1,"minecraft:birch_log":5,"minecraft:feather":13,"minecraft:cooked_beef":8,"farmersdelight:rice":9,"minecraft:andesite":47,"minecraft:dark_oak_boat":1,"minecraft:potato":8,"minecraft:smoker":2,"minecraft:flint":4,"create:raw_zinc":19,"minecraft:dirt":532,"minecraft:lapis_lazuli":31,"minecraft:map":3,"minecraft:lantern":2,"minecraft:bone":24,"minecraft:orange_tulip":6,"minecraft:bow":1,"minecraft:wheat_seeds":8,"minecraft:raw_gold":20,"minecraft:bell":1,"minecraft:bamboo":32,"miners_delight:gossypium":5,"minecraft:oak_pressure_plate":3,"minecraft:dark_oak_log":26,"alexsmobs:animal_dictionary":1,"minecraft:bundle":3,"create:crimsite":8,"minecraft:diamond":13,"minecraft:crossbow":1,"minecraft:bread":52,"minecraft:emerald":1,"minecraft:oak_sapling":2,"iceandfire:raw_silver":5,"iceandfire:dragon_skull_lightning":2,"minecraft:charcoal":6,"minecraft:crafting_table":2,"iceandfire:witherbone":2,"minecraft:chicken":8,"minecraft:brown_mushroom":1,"minecraft:iron_axe":1,"minecraft:large_fern":1,"miners_delight:cave_carrot":5,"minecraft:item_frame":3,"minecraft:cyan_carpet":11,"minecraft:candle":3,"spartanweaponry:iron_longbow":2,"minecraft:beef":13,"minecraft:poppy":2,"minecraft:sugar_cane":8,"minecraft:chest":8,"minecraft:birch_sapling":2,"minecraft:dark_oak_sapling":1,"minecraft:raw_iron":122,"iceandfire:dragonbone":26,"minecraft:spruce_fence":1,"minecraft:redstone":53,"minecraft:dark_oak_planks":33,"spartanweaponry:iron_halberd":1,"minecraft:arrow":20,"minecraft:yellow_terracotta":2,"minecraft:hay_block":7,"minecraft:stripped_dark_oak_wood":6,"minecraft:pink_tulip":2,"minecraft:saddle":1,"minecraft:mutton":1,"minecraft:skeleton_skull":1,"minecraft:white_wool":1,"minecraft:clock":1,"minecraft:dark_oak_button":1,"minecraft:leather":16,"minecraft:fern":1,"minecraft:filled_map":1,"iceandfire:ectoplasm":1,"minecraft:white_banner":2,"tombstone:gift":3,"minecraft:apple":20,"minecraft:cooked_chicken":1,"artifacts:steadfast_spikes":1,"minecraft:gray_bed":2,"minecraft:iron_sword":1,"minecraft:book":69,"minecraft:oak_slab":2,"spartanweaponry:iron_scythe":1,"minecraft:sweet_berries":17,"minecraft:spruce_log":6,"minecraft:spider_eye":12,"minecraft:leather_helmet":1,"simplyswords:diamond_greathammer":1,"minecraft:pumpkin_seeds":4,"minecraft:iron_helmet":3,"minecraft:coal":129},"minecraft:crafted":{"minecraft:dark_oak_boat":1,"minecraft:cooked_chicken":8,"spartanshields:wooden_tower_shield":3,"minecraft:cooked_mutton":19,"spartanweaponry:bolt":4,"minecraft:diamond_leggings":1,"minecraft:chest":1,"minecraft:birch_door":6,"minecraft:arrow":4,"minecraft:emerald":5,"minecraft:cooked_porkchop":9,"minecraft:crafting_table":4,"minecraft:wooden_pickaxe":1,"spartanshields:iron_tower_shield":1,"minecraft:iron_helmet":1,"minecraft:copper_ingot":16,"farmersdelight:smoked_ham":1,"minecraft:birch_planks":20,"minecraft:stick":40,"minecraft:iron_pickaxe":2,"minecraft:iron_ingot":150,"minecraft:stone_sword":1,"minecraft:gold_ingot":45,"minecraft:iron_nugget":18,"minecraft:spyglass":3,"minecraft:furnace":2,"spartanshields:stone_tower_shield":1,"spartanweaponry:wooden_boomerang":1,"minecraft:iron_axe":1,"minecraft:iron_hoe":2,"minecraft:stone_pickaxe":1,"minecraft:diamond_boots":1,"minecraft:dark_oak_planks":60,"minecraft:cooked_beef":13,"epicfight:stone_spear":1,"epicfight:stone_greatsword":1,"minecraft:dark_oak_button":2,"minecraft:stone_axe":1,"minecraft:air":0,"minecraft:iron_shovel":3,"minecraft:acacia_planks":28,"minecraft:torch":44},"minecraft:used":{"minecraft:iron_shovel":493,"farmersdelight:cabbage_seeds":10,"minecraft:chest":9,"minecraft:iron_sword":354,"spartanshields:wooden_tower_shield":9,"wom:diamond_armbracelet":1,"minecraft:dark_oak_button":3,"minecraft:item_frame":2,"minecraft:dark_oak_boat":1,"minecraft:sweet_berries":2,"minecraft:furnace":6,"minecraft:gray_bed":2,"minecraft:potato":45,"epicfight:skillbook":6,"minecraft:stone_pickaxe":21,"spartanweaponry:wooden_heavy_crossbow":5,"minecraft:wooden_pickaxe":58,"minecraft:yellow_terracotta":1,"spartanshields:stone_tower_shield":6,"minecraft:dark_oak_log":9,"minecraft:bread":85,"minecraft:cyan_carpet":6,"spartanweaponry:wooden_boomerang":7,"minecraft:andesite":39,"spartanweaponry:iron_scythe":16,"create:limestone":1,"minecraft:acacia_log":3,"minecraft:redstone":2,"minecraft:cooked_chicken":7,"minecraft:torch":32,"minecraft:brewing_stand":1,"minecraft:dirt":523,"minecraft:spyglass":19,"minecraft:cod_bucket":1,"spartanweaponry:iron_longbow":36,"minecraft:birch_door":3,"minecraft:iron_hoe":250,"minecraft:dark_oak_planks":6,"minecraft:iron_axe":75,"spartanweaponry:iron_rapier":50,"minecraft:iron_trapdoor":1,"spartanweaponry:iron_battle_hammer":1,"tombstone:gift":5,"minecraft:cooked_beef":15,"farmersdelight:tomato_seeds":5,"minecraft:cobbled_deepslate":68,"minecraft:wheat_seeds":6,"minecraft:cooked_mutton":12,"minecraft:water_bucket":18,"spartanshields:iron_tower_shield":11,"farmersdelight:onion":5,"minecraft:crafting_table":4,"minecraft:smoker":2,"epicfight:stone_spear":36,"minecraft:flower_pot":1,"minecraft:iron_pickaxe":651,"minecraft:stone_axe":2,"miners_delight:cave_carrot":7,"minecraft:cobblestone":12,"minecraft:bucket":24},"minecraft:killed_by":{"minecraft:skeleton":1,"iceandfire:ghost":1,"mowziesmobs:umvuthana_raptor":1},"minecraft:mined":{"miners_delight:wild_cave_carrots":5,"create:deepslate_zinc_ore":12,"minecraft:brewing_stand":4,"minecraft:acacia_log":10,"minecraft:grass_block":281,"minecraft:oak_pressure_plate":2,"minecraft:deepslate_tile_stairs":1,"minecraft:spawner":3,"minecraft:iron_ore":112,"minecraft:cobbled_deepslate":4,"minecraft:stripped_dark_oak_wood":6,"minecraft:dirt_path":1,"minecraft:oak_stairs":13,"create:veridium":1,"create:limestone":1,"minecraft:deepslate_redstone_ore":10,"minecraft:brown_mushroom":1,"minecraft:smoker":2,"minecraft:medium_amethyst_bud":1,"minecraft:deepslate_tile_slab":3,"miners_delight:cave_carrots":1,"minecraft:torch":1,"minecraft:chest":8,"minecraft:cobblestone":1,"minecraft:sugar_cane":3,"minecraft:wall_torch":1,"minecraft:birch_log":5,"minecraft:jukebox":1,"minecraft:birch_door":3,"minecraft:orange_tulip":2,"minecraft:wither_rose":1,"minecraft:grass":13,"biomesoplenty:clover":10,"minecraft:smooth_quartz":2,"minecraft:dirt":245,"create:crimsite":6,"minecraft:oak_leaves":3,"minecraft:deepslate":66,"minecraft:yellow_terracotta":2,"create:zinc_ore":7,"minecraft:deepslate_tiles":3,"iceandfire:silver_ore":3,"minecraft:mossy_cobblestone":1,"minecraft:dark_oak_leaves":1,"minecraft:deepslate_diamond_ore":13,"minecraft:candle":1,"minecraft:dark_oak_log":24,"minecraft:redstone_wire":3,"iceandfire:deepslate_silver_ore":1,"minecraft:spruce_leaves":1,"minecraft:hay_block":7,"minecraft:furnace":5,"minecraft:andesite":109,"minecraft:bell":1,"minecraft:bookshelf":23,"minecraft:deepslate_iron_ore":9,"minecraft:lantern":1,"biomesoplenty:barley":2,"minecraft:bamboo":3,"minecraft:white_tulip":2,"minecraft:stone":198,"minecraft:smithing_table":1,"minecraft:oak_slab":1,"minecraft:oak_fence":3,"minecraft:crafting_table":2,"minecraft:emerald_ore":1,"minecraft:copper_ore":2,"minecraft:tall_grass":1,"biomesoplenty:huge_clover_petal":2,"minecraft:lapis_ore":1,"minecraft:deepslate_gold_ore":16,"minecraft:gray_bed":2,"minecraft:birch_leaves":4,"minecraft:coal_ore":118,"minecraft:dark_oak_button":1,"minecraft:flower_pot":1,"minecraft:gold_ore":4,"minecraft:iron_trapdoor":1},"minecraft:custom":{"minecraft:interact_with_crafting_table":54,"minecraft:open_barrel":55,"minecraft:eat_cake_slice":5,"minecraft:leave_game":12,"minecraft:time_since_death":272789,"minecraft:sprint_one_cm":2199730,"minecraft:damage_blocked_by_shield":794,"minecraft:drop":64,"minecraft:talked_to_villager":50,"minecraft:play_time":407003,"minecraft:deaths":5,"minecraft:jump":5867,"minecraft:interact_with_brewingstand":1,"minecraft:walk_on_water_one_cm":72204,"minecraft:interact_with_furnace":75,"minecraft:traded_with_villager":5,"minecraft:sleep_in_bed":10,"minecraft:damage_dealt":29106,"minecraft:crouch_one_cm":145426,"tombstone:undead_killed":56,"minecraft:interact_with_smoker":33,"minecraft:interact_with_smithing_table":1,"minecraft:interact_with_anvil":1,"minecraft:mob_kills":118,"minecraft:damage_dealt_resisted":729,"minecraft:climb_one_cm":33396,"minecraft:walk_one_cm":1950370,"minecraft:sneak_time":17729,"minecraft:walk_under_water_one_cm":32495,"minecraft:boat_one_cm":137980,"minecraft:interact_with_lectern":5,"minecraft:interact_with_blast_furnace":1,"minecraft:total_world_time":407003,"minecraft:tune_noteblock":7,"minecraft:time_since_rest":24631,"minecraft:damage_taken":7431,"minecraft:trigger_trapped_chest":3,"minecraft:swim_one_cm":172997,"minecraft:fly_one_cm":1726701,"minecraft:open_chest":465,"minecraft:fall_one_cm":126926},"minecraft:dropped":{"minecraft:iron_sword":1,"iceandfire:raw_silver":1,"minecraft:brown_mushroom":1,"minecraft:lapis_lazuli":18,"minecraft:crossbow":1,"create:crimsite":8,"minecraft:item_frame":1,"minecraft:flint":2,"minecraft:large_fern":1,"spartanshields:wooden_tower_shield":1,"spartanweaponry:iron_katana":1,"minecraft:iron_pickaxe":1,"minecraft:cyan_carpet":5,"minecraft:bone":4,"minecraft:spyglass":2,"minecraft:cooked_chicken":1,"alexsmobs:animal_dictionary":1,"minecraft:birch_sapling":1,"tombstone:gift":1,"minecraft:rotten_flesh":30,"minecraft:fern":1,"minecraft:poppy":2,"create:limestone":1,"simplyswords:diamond_greathammer":1,"minecraft:arrow":2,"spartanweaponry:iron_rapier":1,"minecraft:bread":1,"minecraft:cobblestone":4,"minecraft:stick":6,"minecraft:torch":8,"spartanweaponry:wooden_heavy_crossbow":1,"epicfight:stone_greatsword":1,"minecraft:iron_axe":1,"minecraft:pink_tulip":2,"spartanweaponry:iron_scythe":1,"spartanweaponry:iron_halberd":1,"minecraft:filled_map":1,"miners_delight:cave_carrot":1,"create:veridium":1,"minecraft:bundle":1,"minecraft:iron_chestplate":2,"minecraft:andesite":8,"minecraft:oak_sapling":2,"minecraft:spider_eye":1,"minecraft:bow":1,"iceandfire:dragon_skull_lightning":1,"epicfight:skillbook":3}},"DataVersion":3465}