{"stats":{"minecraft:crafted":{"minecraft:dark_oak_boat":1,"minecraft:cooked_chicken":7,"spartanshields:wooden_tower_shield":2,"minecraft:furnace":1,"spartanshields:stone_tower_shield":1,"minecraft:cooked_mutton":9,"minecraft:stone_pickaxe":1,"minecraft:dark_oak_planks":60,"minecraft:cooked_beef":2,"epicfight:stone_spear":1,"minecraft:emerald":5,"minecraft:crafting_table":3,"minecraft:wooden_pickaxe":1,"epicfight:stone_greatsword":1,"minecraft:dark_oak_button":2,"minecraft:stone_axe":1,"minecraft:air":0,"minecraft:stick":24,"minecraft:stone_sword":1,"minecraft:acacia_planks":28,"minecraft:torch":24},"minecraft:used":{"create:limestone":1,"minecraft:acacia_log":3,"minecraft:redstone":1,"minecraft:cooked_chicken":7,"minecraft:torch":9,"minecraft:brewing_stand":1,"minecraft:dirt":16,"minecraft:cod_bucket":1,"minecraft:dark_oak_planks":6,"spartanshields:wooden_tower_shield":6,"spartanweaponry:iron_rapier":50,"minecraft:dark_oak_button":3,"minecraft:dark_oak_boat":1,"minecraft:sweet_berries":2,"minecraft:iron_trapdoor":1,"minecraft:furnace":2,"minecraft:gray_bed":1,"tombstone:gift":5,"minecraft:cooked_mutton":9,"minecraft:water_bucket":1,"epicfight:skillbook":3,"minecraft:stone_pickaxe":21,"minecraft:wooden_pickaxe":58,"minecraft:crafting_table":3,"spartanshields:stone_tower_shield":6,"minecraft:smoker":1,"epicfight:stone_spear":36,"minecraft:dark_oak_log":9,"minecraft:bread":23,"minecraft:iron_pickaxe":189,"minecraft:stone_axe":2,"minecraft:cobblestone":6,"minecraft:bucket":7},"minecraft:dropped":{"minecraft:bread":1,"minecraft:brown_mushroom":1,"minecraft:lapis_lazuli":18,"minecraft:crossbow":1,"minecraft:cobblestone":1,"create:crimsite":8,"minecraft:flint":2,"minecraft:torch":8,"epicfight:stone_greatsword":1,"minecraft:bone":4,"minecraft:cooked_chicken":1,"alexsmobs:animal_dictionary":1,"spartanweaponry:iron_halberd":1,"minecraft:birch_sapling":1,"tombstone:gift":1,"minecraft:rotten_flesh":22,"minecraft:filled_map":1,"minecraft:poppy":2,"miners_delight:cave_carrot":1,"minecraft:bundle":1,"minecraft:oak_sapling":2,"create:limestone":1,"simplyswords:diamond_greathammer":1,"minecraft:arrow":1,"iceandfire:dragon_skull_lightning":1},"minecraft:picked_up":{"iceandfire:dragon_skull_lightning":2,"minecraft:crafting_table":2,"minecraft:chicken":7,"minecraft:iron_trapdoor":1,"minecraft:brown_mushroom":1,"minecraft:smithing_table":1,"minecraft:enchanted_book":2,"minecraft:brewing_stand":2,"minecraft:string":2,"minecraft:raw_copper":4,"create:limestone":2,"minecraft:beef":13,"minecraft:poppy":2,"minecraft:birch_sapling":1,"minecraft:furnace":2,"minecraft:raw_iron":76,"iceandfire:dragonbone":26,"minecraft:torch":9,"minecraft:acacia_log":10,"epicfight:skillbook":3,"minecraft:porkchop":1,"minecraft:redstone":2,"minecraft:dark_oak_planks":33,"spartanweaponry:iron_halberd":1,"minecraft:arrow":2,"minecraft:rotten_flesh":26,"minecraft:hay_block":7,"minecraft:saddle":1,"minecraft:mutton":1,"minecraft:white_wool":1,"minecraft:cobblestone":175,"minecraft:sponge":1,"minecraft:dark_oak_button":1,"minecraft:feather":11,"minecraft:cooked_beef":8,"minecraft:leather":15,"minecraft:dark_oak_boat":1,"minecraft:smoker":2,"minecraft:potato":2,"minecraft:filled_map":1,"minecraft:flint":3,"minecraft:lapis_lazuli":27,"minecraft:dirt":25,"minecraft:white_banner":2,"tombstone:gift":3,"minecraft:bone":4,"minecraft:apple":20,"minecraft:wheat_seeds":2,"minecraft:bell":1,"minecraft:cooked_chicken":1,"minecraft:gray_bed":2,"minecraft:sweet_berries":2,"alexsmobs:animal_dictionary":1,"minecraft:dark_oak_log":24,"minecraft:spider_eye":1,"minecraft:leather_helmet":1,"minecraft:bundle":2,"simplyswords:diamond_greathammer":1,"minecraft:pumpkin_seeds":4,"create:crimsite":8,"minecraft:iron_helmet":3,"minecraft:crossbow":1,"minecraft:bread":22,"minecraft:oak_sapling":2,"minecraft:coal":43,"iceandfire:raw_silver":3},"minecraft:mined":{"iceandfire:silver_ore":3,"minecraft:dark_oak_leaves":1,"minecraft:dark_oak_log":24,"minecraft:brewing_stand":2,"minecraft:acacia_log":10,"minecraft:grass_block":5,"minecraft:redstone_wire":2,"minecraft:hay_block":7,"minecraft:furnace":2,"minecraft:iron_ore":75,"minecraft:bell":1,"biomesoplenty:barley":2,"minecraft:stone":136,"create:limestone":1,"minecraft:smithing_table":1,"minecraft:brown_mushroom":1,"minecraft:smoker":2,"minecraft:crafting_table":2,"minecraft:tall_grass":1,"minecraft:copper_ore":2,"minecraft:cobblestone":1,"minecraft:lapis_ore":1,"minecraft:wall_torch":1,"minecraft:gray_bed":2,"minecraft:grass":7,"minecraft:coal_ore":34,"minecraft:dark_oak_button":1,"minecraft:dirt":19,"create:crimsite":6,"minecraft:oak_leaves":3,"minecraft:iron_trapdoor":1},"minecraft:custom":{"minecraft:interact_with_anvil":1,"minecraft:mob_kills":33,"minecraft:interact_with_crafting_table":20,"minecraft:open_barrel":12,"minecraft:damage_dealt_resisted":4,"minecraft:eat_cake_slice":5,"minecraft:leave_game":8,"minecraft:time_since_death":14649,"minecraft:climb_one_cm":13411,"minecraft:sprint_one_cm":902189,"minecraft:walk_one_cm":677422,"minecraft:damage_blocked_by_shield":264,"minecraft:drop":31,"minecraft:talked_to_villager":26,"minecraft:play_time":148863,"minecraft:deaths":5,"minecraft:sneak_time":2975,"minecraft:walk_under_water_one_cm":7249,"minecraft:boat_one_cm":137980,"minecraft:jump":2582,"minecraft:interact_with_blast_furnace":1,"minecraft:walk_on_water_one_cm":12658,"minecraft:total_world_time":148863,"minecraft:interact_with_furnace":12,"minecraft:traded_with_villager":5,"minecraft:tune_noteblock":7,"minecraft:sleep_in_bed":4,"minecraft:time_since_rest":3287,"minecraft:damage_taken":2875,"minecraft:trigger_trapped_chest":2,"minecraft:damage_dealt":4696,"minecraft:swim_one_cm":82636,"minecraft:fly_one_cm":907441,"minecraft:open_chest":63,"minecraft:crouch_one_cm":17194,"tombstone:undead_killed":16,"minecraft:interact_with_smoker":8,"minecraft:fall_one_cm":62239},"minecraft:killed":{"minecraft:spider":2,"minecraft:chicken":8,"minecraft:pig":1,"minecraft:sheep":1,"minecraft:zombie":16,"minecraft:cow":5},"minecraft:killed_by":{"minecraft:skeleton":1,"iceandfire:ghost":1,"mowziesmobs:umvuthana_raptor":1}},"DataVersion":3465}