{"stats":{"minecraft:crafted":{"epicfight:stone_spear":1,"minecraft:crafting_table":1,"minecraft:stick":12,"minecraft:wooden_pickaxe":1,"spartanshields:wooden_tower_shield":1,"minecraft:stone_pickaxe":1,"minecraft:stone_sword":1,"minecraft:furnace":1,"minecraft:acacia_planks":28,"epicfight:stone_greatsword":1,"minecraft:stone_axe":1,"spartanshields:stone_tower_shield":1,"minecraft:cooked_mutton":1},"minecraft:used":{"minecraft:cooked_mutton":1,"minecraft:acacia_log":3,"minecraft:wooden_pickaxe":31,"minecraft:dirt":2,"minecraft:crafting_table":2,"minecraft:furnace":1},"minecraft:picked_up":{"minecraft:crafting_table":1,"minecraft:acacia_log":10,"minecraft:dirt":2,"minecraft:mutton":1,"minecraft:coal":6,"minecraft:white_wool":1,"minecraft:cobblestone":31},"minecraft:mined":{"minecraft:crafting_table":1,"minecraft:grass":4,"minecraft:acacia_log":10,"minecraft:grass_block":1,"minecraft:coal_ore":6,"minecraft:dirt":1,"minecraft:stone":25,"minecraft:oak_leaves":2},"minecraft:custom":{"minecraft:time_since_rest":19333,"minecraft:interact_with_furnace":2,"minecraft:sprint_one_cm":31142,"minecraft:damage_taken":130,"minecraft:walk_one_cm":46069,"minecraft:mob_kills":1,"minecraft:damage_dealt":80,"minecraft:interact_with_crafting_table":5,"minecraft:fly_one_cm":50180,"minecraft:play_time":19333,"minecraft:sneak_time":20,"minecraft:jump":187,"minecraft:leave_game":4,"minecraft:time_since_death":19333,"minecraft:total_world_time":19333,"minecraft:fall_one_cm":4267},"minecraft:killed":{"minecraft:sheep":1}},"DataVersion":3465}